{
  "121409": {
    "By": "L\u00f8gst\u00f8r",
    "Elite_Smiley": "1",
    "Geo_Lat": "56.961405",
    "Geo_Lng": "9.248459",
    "Kaedenavn": null,
    "Pixibranche": "Restauranter, pizzeriaer, kantiner m.m.",
    "URL": "http://www.findsmiley.dk/da-DK/Searching/DetailsView.htm?virk=121409",
    "adresse1": "Granlyvej 11",
    "branche": "Serveringsvirksomhed - Restauranter m.v.",
    "brancheKode": "DD.56.10.99",
    "cvrnr": "29189471",
    "fjerdeseneste_kontrol": "1",
    "fjerdeseneste_kontrol_dato": "03-06-2015 00:00:00",
    "naestseneste_kontrol": "1",
    "naestseneste_kontrol_dato": "30-10-2017 00:00:00",
    "navn1": "Limfjordsskolen Storek\u00f8kken",
    "navnelbnr": "121409",
    "pnr": "1003374680",
    "postnr": "9670",
    "region": null,
    "reklame_beskyttelse": "0",
    "seneste_kontrol": "1",
    "seneste_kontrol_dato": "06-11-2018 00:00:00",
    "tredjeseneste_kontrol": "1",
    "tredjeseneste_kontrol_dato": "26-08-2016 00:00:00",
    "virksomhedstype": "Detail"
  },
  "129912": {
    "By": "L\u00f8gst\u00f8r",
    "Elite_Smiley": "1",
    "Geo_Lat": "56.968789",
    "Geo_Lng": "9.274693",
    "Kaedenavn": null,
    "Pixibranche": "Restauranter, pizzeriaer, kantiner m.m.",
    "URL": "http://www.findsmiley.dk/da-DK/Searching/DetailsView.htm?virk=129912",
    "adresse1": "Bredgade 104",
    "branche": "Serveringsvirksomhed - Restauranter m.v.",
    "brancheKode": "DD.56.10.99",
    "cvrnr": "33640676",
    "fjerdeseneste_kontrol": "1",
    "fjerdeseneste_kontrol_dato": "04-02-2016 00:00:00",
    "naestseneste_kontrol": "1",
    "naestseneste_kontrol_dato": "18-06-2019 00:00:00",
    "navn1": "Servicecenter L\u00f8gst\u00f8r ApS Shell Service",
    "navnelbnr": "129912",
    "pnr": "1016829087",
    "postnr": "9670",
    "region": null,
    "reklame_beskyttelse": "0",
    "seneste_kontrol": "1",
    "seneste_kontrol_dato": "05-03-2020 00:00:00",
    "tredjeseneste_kontrol": "1",
    "tredjeseneste_kontrol_dato": "27-02-2018 00:00:00",
    "virksomhedstype": "Detail"
  },
  "20141": {
    "By": "Ranum",
    "Elite_Smiley": "1",
    "Geo_Lat": "56.892594",
    "Geo_Lng": "9.171413",
    "Kaedenavn": null,
    "Pixibranche": "Restauranter, pizzeriaer, kantiner m.m.",
    "URL": "http://www.findsmiley.dk/da-DK/Searching/DetailsView.htm?virk=20141",
    "adresse1": "Liv\u00f8vej 80",
    "branche": "Serveringsvirksomhed - Restauranter m.v.",
    "brancheKode": "DD.56.10.99",
    "cvrnr": "35952411",
    "fjerdeseneste_kontrol": "1",
    "fjerdeseneste_kontrol_dato": "18-08-2017 00:00:00",
    "naestseneste_kontrol": "1",
    "naestseneste_kontrol_dato": "18-10-2018 00:00:00",
    "navn1": "R\u00f8nbjerg Attraktioner og Services A/S - K\u00f8bmand ",
    "navnelbnr": "20141",
    "pnr": "1004346488",
    "postnr": "9681",
    "region": null,
    "reklame_beskyttelse": "0",
    "seneste_kontrol": "1",
    "seneste_kontrol_dato": "04-02-2019 00:00:00",
    "tredjeseneste_kontrol": "1",
    "tredjeseneste_kontrol_dato": "28-05-2018 00:00:00",
    "virksomhedstype": "Detail"
  },
  "20484": {
    "By": "Ranum",
    "Elite_Smiley": "0",
    "Geo_Lat": "56.898278",
    "Geo_Lng": "9.228701",
    "Kaedenavn": null,
    "Pixibranche": "Restauranter, pizzeriaer, kantiner m.m.",
    "URL": "http://www.findsmiley.dk/da-DK/Searching/DetailsView.htm?virk=20484",
    "adresse1": "Vestergade 28",
    "branche": "Serveringsvirksomhed - Restauranter m.v.",
    "brancheKode": "DD.56.10.99",
    "cvrnr": "21994294",
    "fjerdeseneste_kontrol": "2",
    "fjerdeseneste_kontrol_dato": "29-11-2018 00:00:00",
    "naestseneste_kontrol": "1",
    "naestseneste_kontrol_dato": "13-06-2019 00:00:00",
    "navn1": "La Mancha Pizzaria ",
    "navnelbnr": "20484",
    "pnr": "1012456111",
    "postnr": "9681",
    "region": null,
    "reklame_beskyttelse": "0",
    "seneste_kontrol": "1",
    "seneste_kontrol_dato": "02-09-2019 00:00:00",
    "tredjeseneste_kontrol": "1",
    "tredjeseneste_kontrol_dato": "24-01-2019 00:00:00",
    "virksomhedstype": "Detail"
  },
  "20990": {
    "By": "Ranum",
    "Elite_Smiley": "1",
    "Geo_Lat": "56.892594",
    "Geo_Lng": "9.171413",
    "Kaedenavn": null,
    "Pixibranche": "Restauranter, pizzeriaer, kantiner m.m.",
    "URL": "http://www.findsmiley.dk/da-DK/Searching/DetailsView.htm?virk=20990",
    "adresse1": "Liv\u00f8vej 80",
    "branche": "Serveringsvirksomhed - Restauranter m.v.",
    "brancheKode": "DD.56.10.99",
    "cvrnr": "35952411",
    "fjerdeseneste_kontrol": "1",
    "fjerdeseneste_kontrol_dato": "28-05-2018 00:00:00",
    "naestseneste_kontrol": "1",
    "naestseneste_kontrol_dato": "19-07-2019 00:00:00",
    "navn1": "R\u00f8nbjerg Attraktioner og Services A/S - Badelands Cafe ",
    "navnelbnr": "20990",
    "pnr": "1004346488",
    "postnr": "9681",
    "region": null,
    "reklame_beskyttelse": "0",
    "seneste_kontrol": "1",
    "seneste_kontrol_dato": "17-01-2020 00:00:00",
    "tredjeseneste_kontrol": "1",
    "tredjeseneste_kontrol_dato": "04-02-2019 00:00:00",
    "virksomhedstype": "Detail"
  },
  "21224": {
    "By": "Ranum",
    "Elite_Smiley": "1",
    "Geo_Lat": "56.915766",
    "Geo_Lng": "9.188059",
    "Kaedenavn": null,
    "Pixibranche": "Restauranter, pizzeriaer, kantiner m.m.",
    "URL": "http://www.findsmiley.dk/da-DK/Searching/DetailsView.htm?virk=21224",
    "adresse1": "Fjordlystvej 21",
    "branche": "Serveringsvirksomhed - Restauranter m.v.",
    "brancheKode": "DD.56.10.99",
    "cvrnr": "30718801",
    "fjerdeseneste_kontrol": "1",
    "fjerdeseneste_kontrol_dato": "07-08-2013 00:00:00",
    "naestseneste_kontrol": "1",
    "naestseneste_kontrol_dato": "14-07-2017 00:00:00",
    "navn1": "Glenholm Ving\u00e5rd Aps Caf\u00e9 og Butik",
    "navnelbnr": "21224",
    "pnr": "1013458614",
    "postnr": "9681",
    "region": null,
    "reklame_beskyttelse": "0",
    "seneste_kontrol": "1",
    "seneste_kontrol_dato": "05-09-2019 00:00:00",
    "tredjeseneste_kontrol": "1",
    "tredjeseneste_kontrol_dato": "18-09-2015 00:00:00",
    "virksomhedstype": "Detail"
  },
  "21264": {
    "By": "L\u00f8gst\u00f8r",
    "Elite_Smiley": "1",
    "Geo_Lat": "56.962984",
    "Geo_Lng": "9.266971",
    "Kaedenavn": null,
    "Pixibranche": "Restauranter, pizzeriaer, kantiner m.m.",
    "URL": "http://www.findsmiley.dk/da-DK/Searching/DetailsView.htm?virk=21264",
    "adresse1": "Danmarksvej 9",
    "branche": "Serveringsvirksomhed - Restauranter m.v.",
    "brancheKode": "DD.56.10.99",
    "cvrnr": "15134739",
    "fjerdeseneste_kontrol": "1",
    "fjerdeseneste_kontrol_dato": "22-04-2015 00:00:00",
    "naestseneste_kontrol": "1",
    "naestseneste_kontrol_dato": "31-03-2017 00:00:00",
    "navn1": "Jeld-Wen Danmark A/S ",
    "navnelbnr": "21264",
    "pnr": "1000866842",
    "postnr": "9670",
    "region": null,
    "reklame_beskyttelse": "0",
    "seneste_kontrol": "1",
    "seneste_kontrol_dato": "05-03-2019 00:00:00",
    "tredjeseneste_kontrol": "1",
    "tredjeseneste_kontrol_dato": "12-01-2016 00:00:00",
    "virksomhedstype": "Detail"
  },
  "21859": {
    "By": "L\u00f8gst\u00f8r",
    "Elite_Smiley": "1",
    "Geo_Lat": "57.008469",
    "Geo_Lng": "9.286906",
    "Kaedenavn": null,
    "Pixibranche": "Restauranter, pizzeriaer, kantiner m.m.",
    "URL": "http://www.findsmiley.dk/da-DK/Searching/DetailsView.htm?virk=21859",
    "adresse1": "Over Aggersund 49",
    "branche": "Serveringsvirksomhed - Restauranter m.v.",
    "brancheKode": "DD.56.10.99",
    "cvrnr": "31978920",
    "fjerdeseneste_kontrol": "1",
    "fjerdeseneste_kontrol_dato": "06-07-2016 00:00:00",
    "naestseneste_kontrol": "1",
    "naestseneste_kontrol_dato": "28-03-2019 00:00:00",
    "navn1": "Cafe Bondestuen v/Kim Gertsen Nielsen",
    "navnelbnr": "21859",
    "pnr": "1015129545",
    "postnr": "9670",
    "region": null,
    "reklame_beskyttelse": "0",
    "seneste_kontrol": "1",
    "seneste_kontrol_dato": "25-06-2020 00:00:00",
    "tredjeseneste_kontrol": "1",
    "tredjeseneste_kontrol_dato": "27-09-2017 00:00:00",
    "virksomhedstype": "Detail"
  },
  "21896": {
    "By": "L\u00f8gst\u00f8r",
    "Elite_Smiley": "1",
    "Geo_Lat": "56.965261",
    "Geo_Lng": "9.24763",
    "Kaedenavn": null,
    "Pixibranche": "Restauranter, pizzeriaer, kantiner m.m.",
    "URL": "http://www.findsmiley.dk/da-DK/Searching/DetailsView.htm?virk=21896",
    "adresse1": "Kristiansmindevej 34",
    "branche": "Serveringsvirksomhed - Restauranter m.v.",
    "brancheKode": "DD.56.10.99",
    "cvrnr": "33013922",
    "fjerdeseneste_kontrol": "1",
    "fjerdeseneste_kontrol_dato": "14-07-2017 00:00:00",
    "naestseneste_kontrol": "1",
    "naestseneste_kontrol_dato": "05-11-2019 00:00:00",
    "navn1": "Pavillion Christiansminde ",
    "navnelbnr": "21896",
    "pnr": "1016255447",
    "postnr": "9670",
    "region": null,
    "reklame_beskyttelse": "0",
    "seneste_kontrol": "1",
    "seneste_kontrol_dato": "25-06-2020 00:00:00",
    "tredjeseneste_kontrol": "1",
    "tredjeseneste_kontrol_dato": "11-09-2018 00:00:00",
    "virksomhedstype": "Detail"
  },
  "22048": {
    "By": "Ranum",
    "Elite_Smiley": "0",
    "Geo_Lat": "56.892594",
    "Geo_Lng": "9.171413",
    "Kaedenavn": null,
    "Pixibranche": "Restauranter, pizzeriaer, kantiner m.m.",
    "URL": "http://www.findsmiley.dk/da-DK/Searching/DetailsView.htm?virk=22048",
    "adresse1": "Liv\u00f8vej 80",
    "branche": "Serveringsvirksomhed - Restauranter m.v.",
    "brancheKode": "DD.56.10.99",
    "cvrnr": "35952411",
    "fjerdeseneste_kontrol": "1",
    "fjerdeseneste_kontrol_dato": "04-02-2019 00:00:00",
    "naestseneste_kontrol": "1",
    "naestseneste_kontrol_dato": "19-07-2019 00:00:00",
    "navn1": "R\u00f8nbjerg Attraktioner og Service A/S - Restaurant ",
    "navnelbnr": "22048",
    "pnr": "1004346488",
    "postnr": "9681",
    "region": null,
    "reklame_beskyttelse": "0",
    "seneste_kontrol": "1",
    "seneste_kontrol_dato": "03-12-2020 00:00:00",
    "tredjeseneste_kontrol": "2",
    "tredjeseneste_kontrol_dato": "29-05-2019 00:00:00",
    "virksomhedstype": "Detail"
  },
  "22947": {
    "By": "L\u00f8gst\u00f8r",
    "Elite_Smiley": "0",
    "Geo_Lat": "56.96729",
    "Geo_Lng": "9.252676",
    "Kaedenavn": null,
    "Pixibranche": "Restauranter, pizzeriaer, kantiner m.m.",
    "URL": "http://www.findsmiley.dk/da-DK/Searching/DetailsView.htm?virk=22947",
    "adresse1": "\u00d8sterbrogade 12 A",
    "branche": "Serveringsvirksomhed - Restauranter m.v.",
    "brancheKode": "DD.56.10.99",
    "cvrnr": "28564686",
    "fjerdeseneste_kontrol": "2",
    "fjerdeseneste_kontrol_dato": "04-01-2019 00:00:00",
    "naestseneste_kontrol": "1",
    "naestseneste_kontrol_dato": "23-08-2019 00:00:00",
    "navn1": "L\u00f8gst\u00f8r Kiosk v/Mette R. Nielsen",
    "navnelbnr": "22947",
    "pnr": "1008409796",
    "postnr": "9670",
    "region": null,
    "reklame_beskyttelse": "0",
    "seneste_kontrol": "1",
    "seneste_kontrol_dato": "05-03-2020 00:00:00",
    "tredjeseneste_kontrol": "1",
    "tredjeseneste_kontrol_dato": "20-02-2019 00:00:00",
    "virksomhedstype": "Detail"
  },
  "24547": {
    "By": "L\u00f8gst\u00f8r",
    "Elite_Smiley": "1",
    "Geo_Lat": "57.003985",
    "Geo_Lng": "9.283464",
    "Kaedenavn": null,
    "Pixibranche": "Restauranter, pizzeriaer, kantiner m.m.",
    "URL": "http://www.findsmiley.dk/da-DK/Searching/DetailsView.htm?virk=24547",
    "adresse1": "Ullerupvej 32",
    "branche": "Serveringsvirksomhed - Restauranter m.v.",
    "brancheKode": "DD.56.10.99",
    "cvrnr": "14734228",
    "fjerdeseneste_kontrol": "1",
    "fjerdeseneste_kontrol_dato": "18-11-2014 00:00:00",
    "naestseneste_kontrol": "1",
    "naestseneste_kontrol_dato": "27-09-2016 00:00:00",
    "navn1": "K\u00e6mpe Hot v/Peter Jensen ",
    "navnelbnr": "24547",
    "pnr": "1000794779",
    "postnr": "9670",
    "region": null,
    "reklame_beskyttelse": "0",
    "seneste_kontrol": "1",
    "seneste_kontrol_dato": "12-04-2018 00:00:00",
    "tredjeseneste_kontrol": "1",
    "tredjeseneste_kontrol_dato": "26-06-2015 00:00:00",
    "virksomhedstype": "Detail"
  },
  "24589": {
    "By": "L\u00f8gst\u00f8r",
    "Elite_Smiley": "1",
    "Geo_Lat": "56.961262",
    "Geo_Lng": "9.243541",
    "Kaedenavn": null,
    "Pixibranche": "Restauranter, pizzeriaer, kantiner m.m.",
    "URL": "http://www.findsmiley.dk/da-DK/Searching/DetailsView.htm?virk=24589",
    "adresse1": "Frederik VII's Alle 14",
    "branche": "Serveringsvirksomhed - Restauranter m.v.",
    "brancheKode": "DD.56.10.99",
    "cvrnr": "14522115",
    "fjerdeseneste_kontrol": "1",
    "fjerdeseneste_kontrol_dato": "06-10-2015 00:00:00",
    "naestseneste_kontrol": "1",
    "naestseneste_kontrol_dato": "04-09-2019 00:00:00",
    "navn1": "L\u00f8gst\u00f8r Stadion, cafeteria ",
    "navnelbnr": "24589",
    "pnr": "1000757410",
    "postnr": "9670",
    "region": null,
    "reklame_beskyttelse": "0",
    "seneste_kontrol": "1",
    "seneste_kontrol_dato": "14-10-2020 00:00:00",
    "tredjeseneste_kontrol": "1",
    "tredjeseneste_kontrol_dato": "15-11-2017 00:00:00",
    "virksomhedstype": "Detail"
  },
  "25266": {
    "By": "L\u00f8gst\u00f8r",
    "Elite_Smiley": "1",
    "Geo_Lat": "56.997269",
    "Geo_Lng": "9.297141",
    "Kaedenavn": null,
    "Pixibranche": "Restauranter, pizzeriaer, kantiner m.m.",
    "URL": "http://www.findsmiley.dk/da-DK/Searching/DetailsView.htm?virk=25266",
    "adresse1": "Aarsvej 4",
    "branche": "Serveringsvirksomhed - Restauranter m.v.",
    "brancheKode": "DD.56.10.99",
    "cvrnr": "24233936",
    "fjerdeseneste_kontrol": "1",
    "fjerdeseneste_kontrol_dato": "08-06-2017 00:00:00",
    "naestseneste_kontrol": "1",
    "naestseneste_kontrol_dato": "12-04-2018 00:00:00",
    "navn1": "Brokiosken v/Trison ApS",
    "navnelbnr": "25266",
    "pnr": "1011501040",
    "postnr": "9670",
    "region": null,
    "reklame_beskyttelse": "0",
    "seneste_kontrol": "1",
    "seneste_kontrol_dato": "20-02-2019 00:00:00",
    "tredjeseneste_kontrol": "1",
    "tredjeseneste_kontrol_dato": "27-09-2017 00:00:00",
    "virksomhedstype": "Detail"
  },
  "504692": {
    "By": "Ranum",
    "Elite_Smiley": "1",
    "Geo_Lat": "56.896362",
    "Geo_Lng": "9.235009",
    "Kaedenavn": null,
    "Pixibranche": "Restauranter, pizzeriaer, kantiner m.m.",
    "URL": "http://www.findsmiley.dk/da-DK/Searching/DetailsView.htm?virk=504692",
    "adresse1": "\u00d8sterled 4",
    "branche": "Serveringsvirksomhed - Restauranter m.v.",
    "brancheKode": "DD.56.10.99",
    "cvrnr": "29189471",
    "fjerdeseneste_kontrol": "1",
    "fjerdeseneste_kontrol_dato": "05-05-2015 00:00:00",
    "naestseneste_kontrol": "1",
    "naestseneste_kontrol_dato": "21-08-2017 00:00:00",
    "navn1": "Produktionsk\u00f8kken K\u00e6rbo ",
    "navnelbnr": "504692",
    "pnr": "1003380484",
    "postnr": "9681",
    "region": null,
    "reklame_beskyttelse": "0",
    "seneste_kontrol": "1",
    "seneste_kontrol_dato": "06-06-2019 00:00:00",
    "tredjeseneste_kontrol": "1",
    "tredjeseneste_kontrol_dato": "13-06-2016 00:00:00",
    "virksomhedstype": "Detail"
  },
  "515612": {
    "By": "L\u00f8gst\u00f8r",
    "Elite_Smiley": "1",
    "Geo_Lat": "56.967688",
    "Geo_Lng": "9.25133",
    "Kaedenavn": null,
    "Pixibranche": "Restauranter, pizzeriaer, kantiner m.m.",
    "URL": "http://www.findsmiley.dk/da-DK/Searching/DetailsView.htm?virk=515612",
    "adresse1": "Torvegade 11",
    "branche": "Serveringsvirksomhed - Restauranter m.v.",
    "brancheKode": "DD.56.10.99",
    "cvrnr": "33604076",
    "fjerdeseneste_kontrol": "1",
    "fjerdeseneste_kontrol_dato": "13-06-2017 00:00:00",
    "naestseneste_kontrol": "1",
    "naestseneste_kontrol_dato": "13-06-2019 00:00:00",
    "navn1": "Torino Pizza og Grill ",
    "navnelbnr": "515612",
    "pnr": "1017885347",
    "postnr": "9670",
    "region": null,
    "reklame_beskyttelse": "0",
    "seneste_kontrol": "1",
    "seneste_kontrol_dato": "01-07-2020 00:00:00",
    "tredjeseneste_kontrol": "1",
    "tredjeseneste_kontrol_dato": "28-03-2019 00:00:00",
    "virksomhedstype": "Detail"
  },
  "520506": {
    "By": "L\u00f8gst\u00f8r",
    "Elite_Smiley": "1",
    "Geo_Lat": "56.964319",
    "Geo_Lng": "9.242032",
    "Kaedenavn": null,
    "Pixibranche": "Restauranter, pizzeriaer, kantiner m.m.",
    "URL": "http://www.findsmiley.dk/da-DK/Searching/DetailsView.htm?virk=520506",
    "adresse1": "Fischersgade 89",
    "branche": "Serveringsvirksomhed - Restauranter m.v.",
    "brancheKode": "DD.56.10.99",
    "cvrnr": "34821739",
    "fjerdeseneste_kontrol": "1",
    "fjerdeseneste_kontrol_dato": "13-06-2017 00:00:00",
    "naestseneste_kontrol": "1",
    "naestseneste_kontrol_dato": "17-07-2019 00:00:00",
    "navn1": "Kanalfogedens K\u00f8kken ",
    "navnelbnr": "520506",
    "pnr": "1018108182",
    "postnr": "9670",
    "region": null,
    "reklame_beskyttelse": "0",
    "seneste_kontrol": "1",
    "seneste_kontrol_dato": "01-07-2020 00:00:00",
    "tredjeseneste_kontrol": "1",
    "tredjeseneste_kontrol_dato": "21-09-2018 00:00:00",
    "virksomhedstype": "Detail"
  },
  "573716": {
    "By": "L\u00f8gst\u00f8r",
    "Elite_Smiley": "1",
    "Geo_Lat": "56.963752",
    "Geo_Lng": "9.251747",
    "Kaedenavn": null,
    "Pixibranche": "Restauranter, pizzeriaer, kantiner m.m.",
    "URL": "http://www.findsmiley.dk/da-DK/Searching/DetailsView.htm?virk=573716",
    "adresse1": "S\u00f8nderport 23",
    "branche": "Serveringsvirksomhed - Restauranter m.v.",
    "brancheKode": "DD.56.10.99",
    "cvrnr": "32168299",
    "fjerdeseneste_kontrol": "1",
    "fjerdeseneste_kontrol_dato": "06-07-2016 00:00:00",
    "naestseneste_kontrol": "1",
    "naestseneste_kontrol_dato": "27-08-2018 00:00:00",
    "navn1": "Jan Tex ",
    "navnelbnr": "573716",
    "pnr": "1020841385",
    "postnr": "9670",
    "region": null,
    "reklame_beskyttelse": "0",
    "seneste_kontrol": "1",
    "seneste_kontrol_dato": "28-03-2019 00:00:00",
    "tredjeseneste_kontrol": "1",
    "tredjeseneste_kontrol_dato": "01-09-2017 00:00:00",
    "virksomhedstype": "Detail"
  },
  "659801": {
    "By": "L\u00f8gst\u00f8r",
    "Elite_Smiley": "1",
    "Geo_Lat": "56.956819",
    "Geo_Lng": "9.354615",
    "Kaedenavn": null,
    "Pixibranche": "Restauranter, pizzeriaer, kantiner m.m.",
    "URL": "http://www.findsmiley.dk/da-DK/Searching/DetailsView.htm?virk=659801",
    "adresse1": "Br\u00f8ndumvej 56",
    "branche": "Serveringsvirksomhed - Restauranter m.v.",
    "brancheKode": "DD.56.10.99",
    "cvrnr": "20096144",
    "fjerdeseneste_kontrol": "1",
    "fjerdeseneste_kontrol_dato": "27-09-2016 00:00:00",
    "naestseneste_kontrol": "1",
    "naestseneste_kontrol_dato": "28-08-2018 00:00:00",
    "navn1": "Cafe Toppen ",
    "navnelbnr": "659801",
    "pnr": "1004131372",
    "postnr": "9670",
    "region": null,
    "reklame_beskyttelse": "0",
    "seneste_kontrol": "1",
    "seneste_kontrol_dato": "05-11-2019 00:00:00",
    "tredjeseneste_kontrol": "1",
    "tredjeseneste_kontrol_dato": "18-10-2017 00:00:00",
    "virksomhedstype": "Detail"
  },
  "707480": {
    "By": "L\u00f8gst\u00f8r",
    "Elite_Smiley": "0",
    "Geo_Lat": "56.962708",
    "Geo_Lng": "9.239193",
    "Kaedenavn": null,
    "Pixibranche": "Restauranter, pizzeriaer, kantiner m.m.",
    "URL": "http://www.findsmiley.dk/da-DK/Searching/DetailsView.htm?virk=707480",
    "adresse1": "Kanalvejen 17",
    "branche": "Serveringsvirksomhed - Restauranter m.v.",
    "brancheKode": "DD.56.10.99",
    "cvrnr": "33013922",
    "fjerdeseneste_kontrol": null,
    "fjerdeseneste_kontrol_dato": null,
    "naestseneste_kontrol": "1",
    "naestseneste_kontrol_dato": "09-07-2018 00:00:00",
    "navn1": "Kulgaarden v/Jan Pedersen ",
    "navnelbnr": "707480",
    "pnr": "1022434159",
    "postnr": "9670",
    "region": null,
    "reklame_beskyttelse": "0",
    "seneste_kontrol": "1",
    "seneste_kontrol_dato": "17-07-2019 00:00:00",
    "tredjeseneste_kontrol": "1",
    "tredjeseneste_kontrol_dato": "23-05-2017 00:00:00",
    "virksomhedstype": "Detail"
  },
  "707865": {
    "By": "L\u00f8gst\u00f8r",
    "Elite_Smiley": "1",
    "Geo_Lat": "56.953599",
    "Geo_Lng": "9.25255",
    "Kaedenavn": null,
    "Pixibranche": "Restauranter, pizzeriaer, kantiner m.m.",
    "URL": "http://www.findsmiley.dk/da-DK/Searching/DetailsView.htm?virk=707865",
    "adresse1": "Toftebjerg Alle 6",
    "branche": "Serveringsvirksomhed - Restauranter m.v.",
    "brancheKode": "DD.56.10.99",
    "cvrnr": "38542834",
    "fjerdeseneste_kontrol": "1",
    "fjerdeseneste_kontrol_dato": "03-10-2018 00:00:00",
    "naestseneste_kontrol": "1",
    "naestseneste_kontrol_dato": "25-06-2020 00:00:00",
    "navn1": "L\u00f8gst\u00f8r Parkhotel ",
    "navnelbnr": "707865",
    "pnr": "1022332089",
    "postnr": "9670",
    "region": null,
    "reklame_beskyttelse": "0",
    "seneste_kontrol": "1",
    "seneste_kontrol_dato": "27-10-2020 00:00:00",
    "tredjeseneste_kontrol": "1",
    "tredjeseneste_kontrol_dato": "29-10-2019 00:00:00",
    "virksomhedstype": "Detail"
  },
  "712017": {
    "By": "L\u00f8gst\u00f8r",
    "Elite_Smiley": "0",
    "Geo_Lat": "56.967966",
    "Geo_Lng": "9.24694",
    "Kaedenavn": null,
    "Pixibranche": "Restauranter, pizzeriaer, kantiner m.m.",
    "URL": "http://www.findsmiley.dk/da-DK/Searching/DetailsView.htm?virk=712017",
    "adresse1": "Kanalvejen 2",
    "branche": "Serveringsvirksomhed - Restauranter m.v.",
    "brancheKode": "DD.56.10.99",
    "cvrnr": "28564686",
    "fjerdeseneste_kontrol": null,
    "fjerdeseneste_kontrol_dato": null,
    "naestseneste_kontrol": "1",
    "naestseneste_kontrol_dato": "17-07-2019 00:00:00",
    "navn1": "Havnens Ishus ",
    "navnelbnr": "712017",
    "pnr": "1022258113",
    "postnr": "9670",
    "region": null,
    "reklame_beskyttelse": "0",
    "seneste_kontrol": "1",
    "seneste_kontrol_dato": "10-07-2020 00:00:00",
    "tredjeseneste_kontrol": "1",
    "tredjeseneste_kontrol_dato": "11-07-2017 00:00:00",
    "virksomhedstype": "Detail"
  },
  "735480": {
    "By": "L\u00f8gst\u00f8r",
    "Elite_Smiley": "0",
    "Geo_Lat": "56.969606",
    "Geo_Lng": "9.253695",
    "Kaedenavn": null,
    "Pixibranche": "Restauranter, pizzeriaer, kantiner m.m.",
    "URL": "http://www.findsmiley.dk/da-DK/Searching/DetailsView.htm?virk=735480",
    "adresse1": "Havnevej 38",
    "branche": "Serveringsvirksomhed - Restauranter m.v.",
    "brancheKode": "DD.56.10.99",
    "cvrnr": "38542834",
    "fjerdeseneste_kontrol": "2",
    "fjerdeseneste_kontrol_dato": "07-01-2019 00:00:00",
    "naestseneste_kontrol": "1",
    "naestseneste_kontrol_dato": "11-11-2019 00:00:00",
    "navn1": "Hotel du Nord ",
    "navnelbnr": "735480",
    "pnr": "1023506498",
    "postnr": "9670",
    "region": null,
    "reklame_beskyttelse": "0",
    "seneste_kontrol": "1",
    "seneste_kontrol_dato": "27-10-2020 00:00:00",
    "tredjeseneste_kontrol": "1",
    "tredjeseneste_kontrol_dato": "05-03-2019 00:00:00",
    "virksomhedstype": "Detail"
  },
  "737267": {
    "By": "L\u00f8gst\u00f8r",
    "Elite_Smiley": "0",
    "Geo_Lat": "56.967695",
    "Geo_Lng": "9.252004",
    "Kaedenavn": null,
    "Pixibranche": "Restauranter, pizzeriaer, kantiner m.m.",
    "URL": "http://www.findsmiley.dk/da-DK/Searching/DetailsView.htm?virk=737267",
    "adresse1": "Torvegade 2C",
    "branche": "Serveringsvirksomhed - Restauranter m.v.",
    "brancheKode": "DD.56.10.99",
    "cvrnr": "38941755",
    "fjerdeseneste_kontrol": "1",
    "fjerdeseneste_kontrol_dato": "11-04-2019 00:00:00",
    "naestseneste_kontrol": "1",
    "naestseneste_kontrol_dato": "05-11-2019 00:00:00",
    "navn1": "Nr 2c ",
    "navnelbnr": "737267",
    "pnr": "1022847798",
    "postnr": "9670",
    "region": null,
    "reklame_beskyttelse": "0",
    "seneste_kontrol": "1",
    "seneste_kontrol_dato": "25-09-2020 00:00:00",
    "tredjeseneste_kontrol": "2",
    "tredjeseneste_kontrol_dato": "06-09-2019 00:00:00",
    "virksomhedstype": "Detail"
  },
  "737809": {
    "By": "Ranum",
    "Elite_Smiley": "1",
    "Geo_Lat": "56.912329",
    "Geo_Lng": "9.179157",
    "Kaedenavn": null,
    "Pixibranche": "Restauranter, pizzeriaer, kantiner m.m.",
    "URL": "http://www.findsmiley.dk/da-DK/Searching/DetailsView.htm?virk=737809",
    "adresse1": "N\u00e6sbydalevej 15",
    "branche": "Serveringsvirksomhed - Restauranter m.v.",
    "brancheKode": "DD.56.10.99",
    "cvrnr": "39188120",
    "fjerdeseneste_kontrol": "1",
    "fjerdeseneste_kontrol_dato": "27-05-2016 00:00:00",
    "naestseneste_kontrol": "1",
    "naestseneste_kontrol_dato": "14-08-2018 00:00:00",
    "navn1": "N\u00e6sbydale Badehotel ",
    "navnelbnr": "737809",
    "pnr": "1023170821",
    "postnr": "9681",
    "region": null,
    "reklame_beskyttelse": "0",
    "seneste_kontrol": "1",
    "seneste_kontrol_dato": "04-09-2019 00:00:00",
    "tredjeseneste_kontrol": "1",
    "tredjeseneste_kontrol_dato": "04-07-2017 00:00:00",
    "virksomhedstype": "Detail"
  },
  "757903": {
    "By": "L\u00f8gst\u00f8r",
    "Elite_Smiley": "0",
    "Geo_Lat": "56.962069",
    "Geo_Lng": "9.266372",
    "Kaedenavn": null,
    "Pixibranche": "Restauranter, pizzeriaer, kantiner m.m.",
    "URL": "http://www.findsmiley.dk/da-DK/Searching/DetailsView.htm?virk=757903",
    "adresse1": "Danmarksvej 11",
    "branche": "Serveringsvirksomhed - Restauranter m.v.",
    "brancheKode": "DD.56.10.99",
    "cvrnr": "39695987",
    "fjerdeseneste_kontrol": null,
    "fjerdeseneste_kontrol_dato": null,
    "naestseneste_kontrol": "1",
    "naestseneste_kontrol_dato": "23-08-2019 00:00:00",
    "navn1": "FoodByRD ",
    "navnelbnr": "757903",
    "pnr": "1024167484",
    "postnr": "9670",
    "region": null,
    "reklame_beskyttelse": "0",
    "seneste_kontrol": "1",
    "seneste_kontrol_dato": "27-10-2020 00:00:00",
    "tredjeseneste_kontrol": "1",
    "tredjeseneste_kontrol_dato": "28-08-2018 00:00:00",
    "virksomhedstype": "Detail"
  }
}