{
  "122470": {
    "By": "Agerb\u00e6k",
    "Elite_Smiley": "1",
    "Geo_Lat": "55.600118",
    "Geo_Lng": "8.802714",
    "Kaedenavn": null,
    "Pixibranche": "Restauranter, pizzeriaer, kantiner m.m.",
    "URL": "http://www.findsmiley.dk/da-DK/Searching/DetailsView.htm?virk=122470",
    "adresse1": "Storegade 7",
    "branche": "Serveringsvirksomhed - Restauranter m.v.",
    "brancheKode": "DD.56.10.99",
    "cvrnr": "32080812",
    "fjerdeseneste_kontrol": "1",
    "fjerdeseneste_kontrol_dato": "23-02-2016 00:00:00",
    "naestseneste_kontrol": "1",
    "naestseneste_kontrol_dato": "09-10-2018 00:00:00",
    "navn1": "Agerb\u00e6k Hotel ",
    "navnelbnr": "122470",
    "pnr": "1016543973",
    "postnr": "6753",
    "region": null,
    "reklame_beskyttelse": "0",
    "seneste_kontrol": "1",
    "seneste_kontrol_dato": "18-10-2019 00:00:00",
    "tredjeseneste_kontrol": "1",
    "tredjeseneste_kontrol_dato": "04-11-2017 00:00:00",
    "virksomhedstype": "Detail"
  },
  "130221": {
    "By": "Varde",
    "Elite_Smiley": "1",
    "Geo_Lat": "55.626894",
    "Geo_Lng": "8.486207",
    "Kaedenavn": null,
    "Pixibranche": "Restauranter, pizzeriaer, kantiner m.m.",
    "URL": "http://www.findsmiley.dk/da-DK/Searching/DetailsView.htm?virk=130221",
    "adresse1": "Frisvadvej 35",
    "branche": "Serveringsvirksomhed - Restauranter m.v.",
    "brancheKode": "DD.56.10.99",
    "cvrnr": "29189811",
    "fjerdeseneste_kontrol": "1",
    "fjerdeseneste_kontrol_dato": "05-02-2014 00:00:00",
    "naestseneste_kontrol": "1",
    "naestseneste_kontrol_dato": "20-06-2017 00:00:00",
    "navn1": "Varde Kommune Kantinen",
    "navnelbnr": "130221",
    "pnr": "1010475232",
    "postnr": "6800",
    "region": null,
    "reklame_beskyttelse": "0",
    "seneste_kontrol": "1",
    "seneste_kontrol_dato": "06-02-2018 00:00:00",
    "tredjeseneste_kontrol": "1",
    "tredjeseneste_kontrol_dato": "23-06-2016 00:00:00",
    "virksomhedstype": "Detail"
  },
  "504638": {
    "By": "Varde",
    "Elite_Smiley": "1",
    "Geo_Lat": "55.623414",
    "Geo_Lng": "8.476899",
    "Kaedenavn": null,
    "Pixibranche": "Restauranter, pizzeriaer, kantiner m.m.",
    "URL": "http://www.findsmiley.dk/da-DK/Searching/DetailsView.htm?virk=504638",
    "adresse1": "Vesterport 8D",
    "branche": "Serveringsvirksomhed - Restauranter m.v.",
    "brancheKode": "DD.56.10.99",
    "cvrnr": "34154465",
    "fjerdeseneste_kontrol": "1",
    "fjerdeseneste_kontrol_dato": "20-10-2015 00:00:00",
    "naestseneste_kontrol": "1",
    "naestseneste_kontrol_dato": "03-05-2017 00:00:00",
    "navn1": "Mama Rosa Pizzabar ",
    "navnelbnr": "504638",
    "pnr": "1017495948",
    "postnr": "6800",
    "region": null,
    "reklame_beskyttelse": "0",
    "seneste_kontrol": "1",
    "seneste_kontrol_dato": "16-03-2018 00:00:00",
    "tredjeseneste_kontrol": "1",
    "tredjeseneste_kontrol_dato": "09-09-2016 00:00:00",
    "virksomhedstype": "Detail"
  },
  "505536": {
    "By": "Agerb\u00e6k",
    "Elite_Smiley": "0",
    "Geo_Lat": "55.601789",
    "Geo_Lng": "8.802579",
    "Kaedenavn": null,
    "Pixibranche": "Restauranter, pizzeriaer, kantiner m.m.",
    "URL": "http://www.findsmiley.dk/da-DK/Searching/DetailsView.htm?virk=505536",
    "adresse1": "Storegade 20",
    "branche": "Serveringsvirksomhed - Restauranter m.v.",
    "brancheKode": "DD.56.10.99",
    "cvrnr": "95936857",
    "fjerdeseneste_kontrol": "2",
    "fjerdeseneste_kontrol_dato": "14-12-2017 00:00:00",
    "naestseneste_kontrol": "1",
    "naestseneste_kontrol_dato": "14-08-2018 00:00:00",
    "navn1": "Caf\u00e9en ",
    "navnelbnr": "505536",
    "pnr": "1002858940",
    "postnr": "6753",
    "region": null,
    "reklame_beskyttelse": "0",
    "seneste_kontrol": "1",
    "seneste_kontrol_dato": "15-11-2019 00:00:00",
    "tredjeseneste_kontrol": "1",
    "tredjeseneste_kontrol_dato": "07-02-2018 00:00:00",
    "virksomhedstype": "Detail"
  },
  "513862": {
    "By": "Varde",
    "Elite_Smiley": "1",
    "Geo_Lat": "55.611983",
    "Geo_Lng": "8.470367",
    "Kaedenavn": null,
    "Pixibranche": "Restauranter, pizzeriaer, kantiner m.m.",
    "URL": "http://www.findsmiley.dk/da-DK/Searching/DetailsView.htm?virk=513862",
    "adresse1": "Engdraget 20",
    "branche": "Serveringsvirksomhed - Restauranter m.v.",
    "brancheKode": "DD.56.10.99",
    "cvrnr": "34586640",
    "fjerdeseneste_kontrol": "1",
    "fjerdeseneste_kontrol_dato": "02-05-2016 00:00:00",
    "naestseneste_kontrol": "1",
    "naestseneste_kontrol_dato": "20-10-2017 00:00:00",
    "navn1": "Titan Wind Tower Specialist ",
    "navnelbnr": "513862",
    "pnr": "1017707953",
    "postnr": "6800",
    "region": null,
    "reklame_beskyttelse": "0",
    "seneste_kontrol": "1",
    "seneste_kontrol_dato": "03-04-2019 00:00:00",
    "tredjeseneste_kontrol": "1",
    "tredjeseneste_kontrol_dato": "08-03-2017 00:00:00",
    "virksomhedstype": "Detail"
  },
  "525113": {
    "By": "Varde",
    "Elite_Smiley": "1",
    "Geo_Lat": "55.619859",
    "Geo_Lng": "8.480011",
    "Kaedenavn": null,
    "Pixibranche": "Restauranter, pizzeriaer, kantiner m.m.",
    "URL": "http://www.findsmiley.dk/da-DK/Searching/DetailsView.htm?virk=525113",
    "adresse1": "Torvet 5",
    "branche": "Serveringsvirksomhed - Restauranter m.v.",
    "brancheKode": "DD.56.10.99",
    "cvrnr": "34592799",
    "fjerdeseneste_kontrol": "1",
    "fjerdeseneste_kontrol_dato": "19-03-2019 00:00:00",
    "naestseneste_kontrol": "1",
    "naestseneste_kontrol_dato": "11-02-2020 00:00:00",
    "navn1": "Aunt Betty Varde",
    "navnelbnr": "525113",
    "pnr": "1018325698",
    "postnr": "6800",
    "region": null,
    "reklame_beskyttelse": "0",
    "seneste_kontrol": "1",
    "seneste_kontrol_dato": "01-09-2020 00:00:00",
    "tredjeseneste_kontrol": "1",
    "tredjeseneste_kontrol_dato": "31-07-2019 00:00:00",
    "virksomhedstype": "Detail"
  },
  "538908": {
    "By": "Varde",
    "Elite_Smiley": "1",
    "Geo_Lat": "55.624001",
    "Geo_Lng": "8.475541",
    "Kaedenavn": null,
    "Pixibranche": "Restauranter, pizzeriaer, kantiner m.m.",
    "URL": "http://www.findsmiley.dk/da-DK/Searching/DetailsView.htm?virk=538908",
    "adresse1": "Svinget 5",
    "branche": "Serveringsvirksomhed - Restauranter m.v.",
    "brancheKode": "DD.56.10.99",
    "cvrnr": "28996268",
    "fjerdeseneste_kontrol": "1",
    "fjerdeseneste_kontrol_dato": "04-02-2014 00:00:00",
    "naestseneste_kontrol": "1",
    "naestseneste_kontrol_dato": "17-02-2017 00:00:00",
    "navn1": "CPF Denmark A/S Demo Vogn",
    "navnelbnr": "538908",
    "pnr": "1017714100",
    "postnr": "6800",
    "region": null,
    "reklame_beskyttelse": "0",
    "seneste_kontrol": "1",
    "seneste_kontrol_dato": "02-07-2019 00:00:00",
    "tredjeseneste_kontrol": "1",
    "tredjeseneste_kontrol_dato": "22-09-2015 00:00:00",
    "virksomhedstype": "Detail"
  },
  "559214": {
    "By": "Varde",
    "Elite_Smiley": "1",
    "Geo_Lat": "55.614285",
    "Geo_Lng": "8.490023",
    "Kaedenavn": null,
    "Pixibranche": "Restauranter, pizzeriaer, kantiner m.m.",
    "URL": "http://www.findsmiley.dk/da-DK/Searching/DetailsView.htm?virk=559214",
    "adresse1": "S\u00f8ndergade 41",
    "branche": "Serveringsvirksomhed - Restauranter m.v.",
    "brancheKode": "DD.56.10.99",
    "cvrnr": "32040586",
    "fjerdeseneste_kontrol": "1",
    "fjerdeseneste_kontrol_dato": "28-10-2015 00:00:00",
    "naestseneste_kontrol": "1",
    "naestseneste_kontrol_dato": "07-12-2016 00:00:00",
    "navn1": "Star Pizza ",
    "navnelbnr": "559214",
    "pnr": "1020114335",
    "postnr": "6800",
    "region": null,
    "reklame_beskyttelse": "0",
    "seneste_kontrol": "1",
    "seneste_kontrol_dato": "30-01-2018 00:00:00",
    "tredjeseneste_kontrol": "1",
    "tredjeseneste_kontrol_dato": "02-05-2016 00:00:00",
    "virksomhedstype": "Detail"
  },
  "560019": {
    "By": "Varde",
    "Elite_Smiley": "0",
    "Geo_Lat": "55.632498",
    "Geo_Lng": "8.483322",
    "Kaedenavn": null,
    "Pixibranche": "Restauranter, pizzeriaer, kantiner m.m.",
    "URL": "http://www.findsmiley.dk/da-DK/Searching/DetailsView.htm?virk=560019",
    "adresse1": "Nordre Boulevard 76",
    "branche": "Serveringsvirksomhed - Restauranter m.v.",
    "brancheKode": "DD.56.10.99",
    "cvrnr": "36292954",
    "fjerdeseneste_kontrol": "1",
    "fjerdeseneste_kontrol_dato": "24-02-2017 00:00:00",
    "naestseneste_kontrol": "2",
    "naestseneste_kontrol_dato": "08-07-2019 00:00:00",
    "navn1": "MILAZZO PIZZA & GRILLBAR ",
    "navnelbnr": "560019",
    "pnr": "1020154094",
    "postnr": "6800",
    "region": null,
    "reklame_beskyttelse": "0",
    "seneste_kontrol": "1",
    "seneste_kontrol_dato": "18-09-2019 00:00:00",
    "tredjeseneste_kontrol": "1",
    "tredjeseneste_kontrol_dato": "30-01-2018 00:00:00",
    "virksomhedstype": "Detail"
  },
  "564581": {
    "By": "Varde",
    "Elite_Smiley": "1",
    "Geo_Lat": "55.626962",
    "Geo_Lng": "8.464083",
    "Kaedenavn": null,
    "Pixibranche": "Restauranter, pizzeriaer, kantiner m.m.",
    "URL": "http://www.findsmiley.dk/da-DK/Searching/DetailsView.htm?virk=564581",
    "adresse1": "Bytoften 2",
    "branche": "Serveringsvirksomhed - Restauranter m.v.",
    "brancheKode": "DD.56.10.99",
    "cvrnr": "29189811",
    "fjerdeseneste_kontrol": "1",
    "fjerdeseneste_kontrol_dato": "22-06-2016 00:00:00",
    "naestseneste_kontrol": "1",
    "naestseneste_kontrol_dato": "03-06-2019 00:00:00",
    "navn1": "Varde Kommune R\u00e5dhuset ",
    "navnelbnr": "564581",
    "pnr": "1003332642",
    "postnr": "6800",
    "region": null,
    "reklame_beskyttelse": "0",
    "seneste_kontrol": "1",
    "seneste_kontrol_dato": "17-02-2020 00:00:00",
    "tredjeseneste_kontrol": "1",
    "tredjeseneste_kontrol_dato": "06-06-2017 00:00:00",
    "virksomhedstype": "Detail"
  },
  "566003": {
    "By": "Varde",
    "Elite_Smiley": "1",
    "Geo_Lat": "55.600921",
    "Geo_Lng": "8.500227",
    "Kaedenavn": null,
    "Pixibranche": "Restauranter, pizzeriaer, kantiner m.m.",
    "URL": "http://www.findsmiley.dk/da-DK/Searching/DetailsView.htm?virk=566003",
    "adresse1": "Jeppe Skovgaards Vej 7",
    "branche": "Serveringsvirksomhed - Restauranter m.v.",
    "brancheKode": "DD.56.10.99",
    "cvrnr": "35376011",
    "fjerdeseneste_kontrol": "1",
    "fjerdeseneste_kontrol_dato": "16-11-2017 00:00:00",
    "naestseneste_kontrol": "1",
    "naestseneste_kontrol_dato": "21-10-2019 00:00:00",
    "navn1": "Hjortsh\u00f8j Party Service ",
    "navnelbnr": "566003",
    "pnr": "1018558595",
    "postnr": "6800",
    "region": null,
    "reklame_beskyttelse": "0",
    "seneste_kontrol": "1",
    "seneste_kontrol_dato": "20-10-2020 00:00:00",
    "tredjeseneste_kontrol": "1",
    "tredjeseneste_kontrol_dato": "14-11-2018 00:00:00",
    "virksomhedstype": "Detail"
  },
  "569820": {
    "By": "Varde",
    "Elite_Smiley": "1",
    "Geo_Lat": "55.604977",
    "Geo_Lng": "8.498922",
    "Kaedenavn": null,
    "Pixibranche": "Restauranter, pizzeriaer, kantiner m.m.",
    "URL": "http://www.findsmiley.dk/da-DK/Searching/DetailsView.htm?virk=569820",
    "adresse1": "T\u00f8mrervej 18",
    "branche": "Serveringsvirksomhed - Restauranter m.v.",
    "brancheKode": "DD.56.10.99",
    "cvrnr": "25576020",
    "fjerdeseneste_kontrol": "1",
    "fjerdeseneste_kontrol_dato": "01-08-2017 00:00:00",
    "naestseneste_kontrol": "1",
    "naestseneste_kontrol_dato": "21-10-2019 00:00:00",
    "navn1": "Hotel Varde ",
    "navnelbnr": "569820",
    "pnr": "1018972162",
    "postnr": "6800",
    "region": null,
    "reklame_beskyttelse": "0",
    "seneste_kontrol": "1",
    "seneste_kontrol_dato": "15-09-2020 00:00:00",
    "tredjeseneste_kontrol": "1",
    "tredjeseneste_kontrol_dato": "27-06-2019 00:00:00",
    "virksomhedstype": "Detail"
  },
  "576967": {
    "By": "Varde",
    "Elite_Smiley": "1",
    "Geo_Lat": "55.627442",
    "Geo_Lng": "8.591193",
    "Kaedenavn": null,
    "Pixibranche": "Restauranter, pizzeriaer, kantiner m.m.",
    "URL": "http://www.findsmiley.dk/da-DK/Searching/DetailsView.htm?virk=576967",
    "adresse1": "Krovej 7",
    "branche": "Serveringsvirksomhed - Restauranter m.v.",
    "brancheKode": "DD.56.10.99",
    "cvrnr": "37218448",
    "fjerdeseneste_kontrol": "1",
    "fjerdeseneste_kontrol_dato": "06-06-2018 00:00:00",
    "naestseneste_kontrol": "1",
    "naestseneste_kontrol_dato": "24-06-2019 00:00:00",
    "navn1": "N\u00e6sbjerghus ",
    "navnelbnr": "576967",
    "pnr": "1020894608",
    "postnr": "6800",
    "region": null,
    "reklame_beskyttelse": "0",
    "seneste_kontrol": "1",
    "seneste_kontrol_dato": "17-02-2020 00:00:00",
    "tredjeseneste_kontrol": "1",
    "tredjeseneste_kontrol_dato": "18-09-2018 00:00:00",
    "virksomhedstype": "Detail"
  },
  "635440": {
    "By": "Varde",
    "Elite_Smiley": "1",
    "Geo_Lat": "55.619982",
    "Geo_Lng": "8.483518",
    "Kaedenavn": null,
    "Pixibranche": "Restauranter, pizzeriaer, kantiner m.m.",
    "URL": "http://www.findsmiley.dk/da-DK/Searching/DetailsView.htm?virk=635440",
    "adresse1": "Storegade 16",
    "branche": "Serveringsvirksomhed - Restauranter m.v.",
    "brancheKode": "DD.56.10.99",
    "cvrnr": "21195391",
    "fjerdeseneste_kontrol": "1",
    "fjerdeseneste_kontrol_dato": "18-04-2016 00:00:00",
    "naestseneste_kontrol": "1",
    "naestseneste_kontrol_dato": "28-09-2017 00:00:00",
    "navn1": "La pizza ",
    "navnelbnr": "635440",
    "pnr": "1021197196",
    "postnr": "6800",
    "region": null,
    "reklame_beskyttelse": "0",
    "seneste_kontrol": "1",
    "seneste_kontrol_dato": "24-04-2018 00:00:00",
    "tredjeseneste_kontrol": "1",
    "tredjeseneste_kontrol_dato": "10-11-2016 00:00:00",
    "virksomhedstype": "Detail"
  },
  "663682": {
    "By": "Varde",
    "Elite_Smiley": "1",
    "Geo_Lat": "55.631709",
    "Geo_Lng": "8.470896",
    "Kaedenavn": null,
    "Pixibranche": "Restauranter, pizzeriaer, kantiner m.m.",
    "URL": "http://www.findsmiley.dk/da-DK/Searching/DetailsView.htm?virk=663682",
    "adresse1": "Dalgasvej 35",
    "branche": "Serveringsvirksomhed - Restauranter m.v.",
    "brancheKode": "DD.56.10.99",
    "cvrnr": "29189811",
    "fjerdeseneste_kontrol": "1",
    "fjerdeseneste_kontrol_dato": "11-03-2016 00:00:00",
    "naestseneste_kontrol": "1",
    "naestseneste_kontrol_dato": "28-08-2017 00:00:00",
    "navn1": "V\u00e6restedet Dalgashus ",
    "navnelbnr": "663682",
    "pnr": "1021238526",
    "postnr": "6800",
    "region": null,
    "reklame_beskyttelse": "0",
    "seneste_kontrol": "1",
    "seneste_kontrol_dato": "19-04-2018 00:00:00",
    "tredjeseneste_kontrol": "1",
    "tredjeseneste_kontrol_dato": "20-10-2016 00:00:00",
    "virksomhedstype": "Detail"
  },
  "666150": {
    "By": "Varde",
    "Elite_Smiley": "1",
    "Geo_Lat": "55.620886",
    "Geo_Lng": "8.48041",
    "Kaedenavn": null,
    "Pixibranche": "Restauranter, pizzeriaer, kantiner m.m.",
    "URL": "http://www.findsmiley.dk/da-DK/Searching/DetailsView.htm?virk=666150",
    "adresse1": "Smedegade 4",
    "branche": "Serveringsvirksomhed - Restauranter m.v.",
    "brancheKode": "DD.56.10.99",
    "cvrnr": "38107933",
    "fjerdeseneste_kontrol": "1",
    "fjerdeseneste_kontrol_dato": "12-10-2017 00:00:00",
    "naestseneste_kontrol": "1",
    "naestseneste_kontrol_dato": "16-08-2018 00:00:00",
    "navn1": "Restaurant Gl. Daws ApS ",
    "navnelbnr": "666150",
    "pnr": "1021837195",
    "postnr": "6800",
    "region": null,
    "reklame_beskyttelse": "0",
    "seneste_kontrol": "1",
    "seneste_kontrol_dato": "17-02-2020 00:00:00",
    "tredjeseneste_kontrol": "1",
    "tredjeseneste_kontrol_dato": "18-04-2018 00:00:00",
    "virksomhedstype": "Detail"
  },
  "671165": {
    "By": "Varde",
    "Elite_Smiley": "1",
    "Geo_Lat": "55.624406",
    "Geo_Lng": "8.479998",
    "Kaedenavn": "McDonald's",
    "Pixibranche": "Restauranter, pizzeriaer, kantiner m.m.",
    "URL": "http://www.findsmiley.dk/da-DK/Searching/DetailsView.htm?virk=671165",
    "adresse1": "N\u00f8rrevold 23",
    "branche": "Serveringsvirksomhed - Restauranter m.v.",
    "brancheKode": "DD.56.10.99",
    "cvrnr": "38242520",
    "fjerdeseneste_kontrol": "1",
    "fjerdeseneste_kontrol_dato": "22-07-2016 00:00:00",
    "naestseneste_kontrol": "1",
    "naestseneste_kontrol_dato": "07-06-2017 00:00:00",
    "navn1": "McDonald's Varde ",
    "navnelbnr": "671165",
    "pnr": "1022023663",
    "postnr": "6800",
    "region": null,
    "reklame_beskyttelse": "0",
    "seneste_kontrol": "1",
    "seneste_kontrol_dato": "21-10-2019 00:00:00",
    "tredjeseneste_kontrol": "1",
    "tredjeseneste_kontrol_dato": "09-02-2017 00:00:00",
    "virksomhedstype": "Detail"
  },
  "712242": {
    "By": "Varde",
    "Elite_Smiley": "1",
    "Geo_Lat": "55.615047",
    "Geo_Lng": "8.485076",
    "Kaedenavn": null,
    "Pixibranche": "Restauranter, pizzeriaer, kantiner m.m.",
    "URL": "http://www.findsmiley.dk/da-DK/Searching/DetailsView.htm?virk=712242",
    "adresse1": "Hjertingvej 17",
    "branche": "Serveringsvirksomhed - Restauranter m.v.",
    "brancheKode": "DD.56.10.99",
    "cvrnr": "38794825",
    "fjerdeseneste_kontrol": "1",
    "fjerdeseneste_kontrol_dato": "28-07-2017 00:00:00",
    "naestseneste_kontrol": "1",
    "naestseneste_kontrol_dato": "07-05-2018 00:00:00",
    "navn1": "Ristorante Palermo Varde Aps ",
    "navnelbnr": "712242",
    "pnr": "1022662097",
    "postnr": "6800",
    "region": null,
    "reklame_beskyttelse": "0",
    "seneste_kontrol": "1",
    "seneste_kontrol_dato": "21-10-2019 00:00:00",
    "tredjeseneste_kontrol": "1",
    "tredjeseneste_kontrol_dato": "23-01-2018 00:00:00",
    "virksomhedstype": "Detail"
  },
  "716570": {
    "By": "Varde",
    "Elite_Smiley": "0",
    "Geo_Lat": "55.620721",
    "Geo_Lng": "8.479793",
    "Kaedenavn": null,
    "Pixibranche": "Restauranter, pizzeriaer, kantiner m.m.",
    "URL": "http://www.findsmiley.dk/da-DK/Searching/DetailsView.htm?virk=716570",
    "adresse1": "Vestergade 1",
    "branche": "Serveringsvirksomhed - Restauranter m.v.",
    "brancheKode": "DD.56.10.99",
    "cvrnr": "38903624",
    "fjerdeseneste_kontrol": "1",
    "fjerdeseneste_kontrol_dato": "13-06-2019 00:00:00",
    "naestseneste_kontrol": "1",
    "naestseneste_kontrol_dato": "25-11-2019 00:00:00",
    "navn1": "Varde IS & D\u00d6NER v/Kauomars Rostami ",
    "navnelbnr": "716570",
    "pnr": "1022817139",
    "postnr": "6800",
    "region": null,
    "reklame_beskyttelse": "0",
    "seneste_kontrol": "2",
    "seneste_kontrol_dato": "26-11-2020 00:00:00",
    "tredjeseneste_kontrol": "2",
    "tredjeseneste_kontrol_dato": "21-10-2019 00:00:00",
    "virksomhedstype": "Detail"
  },
  "73131": {
    "By": "Varde",
    "Elite_Smiley": "0",
    "Geo_Lat": "55.617746",
    "Geo_Lng": "8.483754",
    "Kaedenavn": "Circle K",
    "Pixibranche": "Restauranter, pizzeriaer, kantiner m.m.",
    "URL": "http://www.findsmiley.dk/da-DK/Searching/DetailsView.htm?virk=73131",
    "adresse1": "S\u00f8nderbro 2",
    "branche": "Serveringsvirksomhed - Restauranter m.v.",
    "brancheKode": "DD.56.10.99",
    "cvrnr": "28142412",
    "fjerdeseneste_kontrol": "1",
    "fjerdeseneste_kontrol_dato": "07-03-2019 00:00:00",
    "naestseneste_kontrol": "1",
    "naestseneste_kontrol_dato": "15-10-2020 00:00:00",
    "navn1": "Circle K Danmark A/S Butik",
    "navnelbnr": "73131",
    "pnr": "1000415662",
    "postnr": "6800",
    "region": null,
    "reklame_beskyttelse": "0",
    "seneste_kontrol": "1",
    "seneste_kontrol_dato": "20-11-2020 00:00:00",
    "tredjeseneste_kontrol": "2",
    "tredjeseneste_kontrol_dato": "08-09-2020 00:00:00",
    "virksomhedstype": "Detail"
  },
  "73506": {
    "By": "Varde",
    "Elite_Smiley": "1",
    "Geo_Lat": "55.619873",
    "Geo_Lng": "8.481106",
    "Kaedenavn": null,
    "Pixibranche": "Restauranter, pizzeriaer, kantiner m.m.",
    "URL": "http://www.findsmiley.dk/da-DK/Searching/DetailsView.htm?virk=73506",
    "adresse1": "Torvegade 3",
    "branche": "Serveringsvirksomhed - Restauranter m.v.",
    "brancheKode": "DD.56.10.99",
    "cvrnr": "13852707",
    "fjerdeseneste_kontrol": "1",
    "fjerdeseneste_kontrol_dato": "22-01-2016 00:00:00",
    "naestseneste_kontrol": "1",
    "naestseneste_kontrol_dato": "29-11-2017 00:00:00",
    "navn1": "TO-RINO ",
    "navnelbnr": "73506",
    "pnr": "1004956735",
    "postnr": "6800",
    "region": null,
    "reklame_beskyttelse": "0",
    "seneste_kontrol": "1",
    "seneste_kontrol_dato": "24-07-2019 00:00:00",
    "tredjeseneste_kontrol": "1",
    "tredjeseneste_kontrol_dato": "25-04-2017 00:00:00",
    "virksomhedstype": "Detail"
  },
  "73512": {
    "By": "Varde",
    "Elite_Smiley": "1",
    "Geo_Lat": "55.620099",
    "Geo_Lng": "8.483453",
    "Kaedenavn": null,
    "Pixibranche": "Restauranter, pizzeriaer, kantiner m.m.",
    "URL": "http://www.findsmiley.dk/da-DK/Searching/DetailsView.htm?virk=73512",
    "adresse1": "Storegade 18",
    "branche": "Serveringsvirksomhed - Restauranter m.v.",
    "brancheKode": "DD.56.10.99",
    "cvrnr": "24194299",
    "fjerdeseneste_kontrol": "1",
    "fjerdeseneste_kontrol_dato": "22-01-2016 00:00:00",
    "naestseneste_kontrol": "1",
    "naestseneste_kontrol_dato": "23-04-2018 00:00:00",
    "navn1": "PENSIONATET B\u00d8GELY ",
    "navnelbnr": "73512",
    "pnr": "1006395171",
    "postnr": "6800",
    "region": null,
    "reklame_beskyttelse": "0",
    "seneste_kontrol": "1",
    "seneste_kontrol_dato": "19-03-2019 00:00:00",
    "tredjeseneste_kontrol": "1",
    "tredjeseneste_kontrol_dato": "28-09-2017 00:00:00",
    "virksomhedstype": "Detail"
  },
  "73533": {
    "By": "Varde",
    "Elite_Smiley": "1",
    "Geo_Lat": "55.610562",
    "Geo_Lng": "8.470149",
    "Kaedenavn": null,
    "Pixibranche": "Restauranter, pizzeriaer, kantiner m.m.",
    "URL": "http://www.findsmiley.dk/da-DK/Searching/DetailsView.htm?virk=73533",
    "adresse1": "Hjertingvej 70",
    "branche": "Serveringsvirksomhed - Restauranter m.v.",
    "brancheKode": "DD.56.10.99",
    "cvrnr": "55585512",
    "fjerdeseneste_kontrol": "1",
    "fjerdeseneste_kontrol_dato": "12-01-2015 00:00:00",
    "naestseneste_kontrol": "1",
    "naestseneste_kontrol_dato": "12-12-2017 00:00:00",
    "navn1": "Landsudv f. KFUM S Soldatermiss ",
    "navnelbnr": "73533",
    "pnr": "1003107713",
    "postnr": "6800",
    "region": null,
    "reklame_beskyttelse": "0",
    "seneste_kontrol": "1",
    "seneste_kontrol_dato": "07-05-2018 00:00:00",
    "tredjeseneste_kontrol": "1",
    "tredjeseneste_kontrol_dato": "25-01-2017 00:00:00",
    "virksomhedstype": "Detail"
  },
  "73545": {
    "By": "\u00c5rre",
    "Elite_Smiley": "1",
    "Geo_Lat": "55.61579",
    "Geo_Lng": "8.727983",
    "Kaedenavn": null,
    "Pixibranche": "Restauranter, pizzeriaer, kantiner m.m.",
    "URL": "http://www.findsmiley.dk/da-DK/Searching/DetailsView.htm?virk=73545",
    "adresse1": "Vrenderupvej 40  C",
    "branche": "Serveringsvirksomhed - Restauranter m.v.",
    "brancheKode": "DD.56.10.99",
    "cvrnr": "36066814",
    "fjerdeseneste_kontrol": "1",
    "fjerdeseneste_kontrol_dato": "29-09-2016 00:00:00",
    "naestseneste_kontrol": "1",
    "naestseneste_kontrol_dato": "29-11-2017 00:00:00",
    "navn1": "Helle Hallen ",
    "navnelbnr": "73545",
    "pnr": "1001741277",
    "postnr": "6818",
    "region": null,
    "reklame_beskyttelse": "0",
    "seneste_kontrol": "1",
    "seneste_kontrol_dato": "29-10-2019 00:00:00",
    "tredjeseneste_kontrol": "1",
    "tredjeseneste_kontrol_dato": "08-11-2017 00:00:00",
    "virksomhedstype": "Detail"
  },
  "73661": {
    "By": "Varde",
    "Elite_Smiley": "1",
    "Geo_Lat": "55.622843",
    "Geo_Lng": "8.482179",
    "Kaedenavn": null,
    "Pixibranche": "Restauranter, pizzeriaer, kantiner m.m.",
    "URL": "http://www.findsmiley.dk/da-DK/Searching/DetailsView.htm?virk=73661",
    "adresse1": "Storegade 57",
    "branche": "Serveringsvirksomhed - Restauranter m.v.",
    "brancheKode": "DD.56.10.99",
    "cvrnr": "29189811",
    "fjerdeseneste_kontrol": "1",
    "fjerdeseneste_kontrol_dato": "10-01-2014 00:00:00",
    "naestseneste_kontrol": "1",
    "naestseneste_kontrol_dato": "27-06-2017 00:00:00",
    "navn1": "Medborgerhuset ",
    "navnelbnr": "73661",
    "pnr": "1003332964",
    "postnr": "6800",
    "region": null,
    "reklame_beskyttelse": "0",
    "seneste_kontrol": "1",
    "seneste_kontrol_dato": "03-05-2018 00:00:00",
    "tredjeseneste_kontrol": "1",
    "tredjeseneste_kontrol_dato": "09-05-2016 00:00:00",
    "virksomhedstype": "Detail"
  },
  "73664": {
    "By": "Varde",
    "Elite_Smiley": "1",
    "Geo_Lat": "55.62639",
    "Geo_Lng": "8.460787",
    "Kaedenavn": "Q8",
    "Pixibranche": "Restauranter, pizzeriaer, kantiner m.m.",
    "URL": "http://www.findsmiley.dk/da-DK/Searching/DetailsView.htm?virk=73664",
    "adresse1": "Vestre Landevej 78",
    "branche": "Serveringsvirksomhed - Restauranter m.v.",
    "brancheKode": "DD.56.10.99",
    "cvrnr": "61082913",
    "fjerdeseneste_kontrol": "1",
    "fjerdeseneste_kontrol_dato": "15-09-2015 00:00:00",
    "naestseneste_kontrol": "1",
    "naestseneste_kontrol_dato": "22-05-2019 00:00:00",
    "navn1": "Q8 8165",
    "navnelbnr": "73664",
    "pnr": "1007983154",
    "postnr": "6800",
    "region": null,
    "reklame_beskyttelse": "0",
    "seneste_kontrol": "1",
    "seneste_kontrol_dato": "25-11-2020 00:00:00",
    "tredjeseneste_kontrol": "1",
    "tredjeseneste_kontrol_dato": "09-10-2017 00:00:00",
    "virksomhedstype": "Detail"
  },
  "73781": {
    "By": "Varde",
    "Elite_Smiley": "1",
    "Geo_Lat": "55.648918",
    "Geo_Lng": "8.610705",
    "Kaedenavn": null,
    "Pixibranche": "Restauranter, pizzeriaer, kantiner m.m.",
    "URL": "http://www.findsmiley.dk/da-DK/Searching/DetailsView.htm?virk=73781",
    "adresse1": "Bredmosevej 21",
    "branche": "Serveringsvirksomhed - Restauranter m.v.",
    "brancheKode": "DD.56.10.99",
    "cvrnr": "29189811",
    "fjerdeseneste_kontrol": "1",
    "fjerdeseneste_kontrol_dato": "16-08-2016 00:00:00",
    "naestseneste_kontrol": "1",
    "naestseneste_kontrol_dato": "03-05-2018 00:00:00",
    "navn1": "TAMBOURS HAVE ",
    "navnelbnr": "73781",
    "pnr": "1017245178",
    "postnr": "6800",
    "region": null,
    "reklame_beskyttelse": "0",
    "seneste_kontrol": "1",
    "seneste_kontrol_dato": "30-07-2019 00:00:00",
    "tredjeseneste_kontrol": "1",
    "tredjeseneste_kontrol_dato": "28-08-2017 00:00:00",
    "virksomhedstype": "Detail"
  },
  "741856": {
    "By": "Varde",
    "Elite_Smiley": "1",
    "Geo_Lat": "55.623497",
    "Geo_Lng": "8.483885",
    "Kaedenavn": null,
    "Pixibranche": "Restauranter, pizzeriaer, kantiner m.m.",
    "URL": "http://www.findsmiley.dk/da-DK/Searching/DetailsView.htm?virk=741856",
    "adresse1": "\u00d8stervold 26",
    "branche": "Serveringsvirksomhed - Restauranter m.v.",
    "brancheKode": "DD.56.10.99",
    "cvrnr": "12588607",
    "fjerdeseneste_kontrol": "1",
    "fjerdeseneste_kontrol_dato": "19-04-2018 00:00:00",
    "naestseneste_kontrol": "1",
    "naestseneste_kontrol_dato": "11-02-2020 00:00:00",
    "navn1": "Caf\u00e9 Paraplyen Varde ",
    "navnelbnr": "741856",
    "pnr": "1002926011",
    "postnr": "6800",
    "region": null,
    "reklame_beskyttelse": "0",
    "seneste_kontrol": "1",
    "seneste_kontrol_dato": "28-04-2020 00:00:00",
    "tredjeseneste_kontrol": "1",
    "tredjeseneste_kontrol_dato": "14-06-2018 00:00:00",
    "virksomhedstype": "Detail"
  },
  "74189": {
    "By": "Varde",
    "Elite_Smiley": "0",
    "Geo_Lat": "55.619959",
    "Geo_Lng": "8.480248",
    "Kaedenavn": null,
    "Pixibranche": "Restauranter, pizzeriaer, kantiner m.m.",
    "URL": "http://www.findsmiley.dk/da-DK/Searching/DetailsView.htm?virk=74189",
    "adresse1": "Torvet 3",
    "branche": "Serveringsvirksomhed - Restauranter m.v.",
    "brancheKode": "DD.56.10.99",
    "cvrnr": "26151074",
    "fjerdeseneste_kontrol": "1",
    "fjerdeseneste_kontrol_dato": "08-11-2018 00:00:00",
    "naestseneste_kontrol": "2",
    "naestseneste_kontrol_dato": "13-09-2020 00:00:00",
    "navn1": "R\u00e5dhuscafeen ApS ",
    "navnelbnr": "74189",
    "pnr": "1008571143",
    "postnr": "6800",
    "region": null,
    "reklame_beskyttelse": "0",
    "seneste_kontrol": "1",
    "seneste_kontrol_dato": "15-10-2020 00:00:00",
    "tredjeseneste_kontrol": "1",
    "tredjeseneste_kontrol_dato": "24-11-2019 00:00:00",
    "virksomhedstype": "Detail"
  },
  "74308": {
    "By": "Varde",
    "Elite_Smiley": "1",
    "Geo_Lat": "55.637352",
    "Geo_Lng": "8.503306",
    "Kaedenavn": null,
    "Pixibranche": "Restauranter, pizzeriaer, kantiner m.m.",
    "URL": "http://www.findsmiley.dk/da-DK/Searching/DetailsView.htm?virk=74308",
    "adresse1": "Lundvej 135",
    "branche": "Serveringsvirksomhed - Restauranter m.v.",
    "brancheKode": "DD.56.10.99",
    "cvrnr": "29189811",
    "fjerdeseneste_kontrol": "1",
    "fjerdeseneste_kontrol_dato": "13-04-2015 00:00:00",
    "naestseneste_kontrol": "1",
    "naestseneste_kontrol_dato": "09-03-2018 00:00:00",
    "navn1": "Bo- og Genoptr\u00e6ningscentret Lunden Lundbo II",
    "navnelbnr": "74308",
    "pnr": "1003328658",
    "postnr": "6800",
    "region": null,
    "reklame_beskyttelse": "0",
    "seneste_kontrol": "1",
    "seneste_kontrol_dato": "27-02-2019 00:00:00",
    "tredjeseneste_kontrol": "1",
    "tredjeseneste_kontrol_dato": "17-02-2017 00:00:00",
    "virksomhedstype": "Detail"
  },
  "74649": {
    "By": "Hovborg",
    "Elite_Smiley": "1",
    "Geo_Lat": "55.606417",
    "Geo_Lng": "8.939682",
    "Kaedenavn": null,
    "Pixibranche": "Restauranter, pizzeriaer, kantiner m.m.",
    "URL": "http://www.findsmiley.dk/da-DK/Searching/DetailsView.htm?virk=74649",
    "adresse1": "Holme\u00e5vej 2",
    "branche": "Serveringsvirksomhed - Restauranter m.v.",
    "brancheKode": "DD.56.10.99",
    "cvrnr": "20962887",
    "fjerdeseneste_kontrol": "1",
    "fjerdeseneste_kontrol_dato": "05-05-2017 00:00:00",
    "naestseneste_kontrol": "1",
    "naestseneste_kontrol_dato": "06-05-2019 00:00:00",
    "navn1": "Hovborg Kro  ApS ",
    "navnelbnr": "74649",
    "pnr": "1004610579",
    "postnr": "6682",
    "region": null,
    "reklame_beskyttelse": "0",
    "seneste_kontrol": "1",
    "seneste_kontrol_dato": "09-09-2020 00:00:00",
    "tredjeseneste_kontrol": "1",
    "tredjeseneste_kontrol_dato": "07-11-2018 00:00:00",
    "virksomhedstype": "Detail"
  },
  "74965": {
    "By": "Varde",
    "Elite_Smiley": "1",
    "Geo_Lat": "55.625666",
    "Geo_Lng": "8.594896",
    "Kaedenavn": null,
    "Pixibranche": "Restauranter, pizzeriaer, kantiner m.m.",
    "URL": "http://www.findsmiley.dk/da-DK/Searching/DetailsView.htm?virk=74965",
    "adresse1": "Hovedgaden 55",
    "branche": "Serveringsvirksomhed - Restauranter m.v.",
    "brancheKode": "DD.56.10.99",
    "cvrnr": "28878710",
    "fjerdeseneste_kontrol": "1",
    "fjerdeseneste_kontrol_dato": "13-11-2014 00:00:00",
    "naestseneste_kontrol": "1",
    "naestseneste_kontrol_dato": "20-03-2017 00:00:00",
    "navn1": "NRUI - GRILLEN N\u00e6sbjerg",
    "navnelbnr": "74965",
    "pnr": "1001637674",
    "postnr": "6800",
    "region": null,
    "reklame_beskyttelse": "0",
    "seneste_kontrol": "1",
    "seneste_kontrol_dato": "21-11-2019 00:00:00",
    "tredjeseneste_kontrol": "1",
    "tredjeseneste_kontrol_dato": "27-11-2015 00:00:00",
    "virksomhedstype": "Detail"
  },
  "75469": {
    "By": "Varde",
    "Elite_Smiley": "1",
    "Geo_Lat": "55.611295",
    "Geo_Lng": "8.467122",
    "Kaedenavn": null,
    "Pixibranche": "Restauranter, pizzeriaer, kantiner m.m.",
    "URL": "http://www.findsmiley.dk/da-DK/Searching/DetailsView.htm?virk=75469",
    "adresse1": "Engdraget 22",
    "branche": "Serveringsvirksomhed - Restauranter m.v.",
    "brancheKode": "DD.56.10.99",
    "cvrnr": "33487819",
    "fjerdeseneste_kontrol": "1",
    "fjerdeseneste_kontrol_dato": "20-06-2013 00:00:00",
    "naestseneste_kontrol": "1",
    "naestseneste_kontrol_dato": "08-03-2017 00:00:00",
    "navn1": "Engcafeen ",
    "navnelbnr": "75469",
    "pnr": "1001705705",
    "postnr": "6800",
    "region": null,
    "reklame_beskyttelse": "0",
    "seneste_kontrol": "1",
    "seneste_kontrol_dato": "03-04-2019 00:00:00",
    "tredjeseneste_kontrol": "1",
    "tredjeseneste_kontrol_dato": "02-11-2015 00:00:00",
    "virksomhedstype": "Detail"
  },
  "754757": {
    "By": "Varde",
    "Elite_Smiley": "0",
    "Geo_Lat": "55.6208",
    "Geo_Lng": "8.483444",
    "Kaedenavn": null,
    "Pixibranche": "Restauranter, pizzeriaer, kantiner m.m.",
    "URL": "http://www.findsmiley.dk/da-DK/Searching/DetailsView.htm?virk=754757",
    "adresse1": "Skansen 2",
    "branche": "Serveringsvirksomhed - Restauranter m.v.",
    "brancheKode": "DD.56.10.99",
    "cvrnr": "39583321",
    "fjerdeseneste_kontrol": "2",
    "fjerdeseneste_kontrol_dato": "26-07-2018 00:00:00",
    "naestseneste_kontrol": "1",
    "naestseneste_kontrol_dato": "08-07-2019 00:00:00",
    "navn1": "Pizza King ",
    "navnelbnr": "754757",
    "pnr": "1023638149",
    "postnr": "6800",
    "region": null,
    "reklame_beskyttelse": "0",
    "seneste_kontrol": "1",
    "seneste_kontrol_dato": "02-11-2019 00:00:00",
    "tredjeseneste_kontrol": "1",
    "tredjeseneste_kontrol_dato": "14-09-2018 00:00:00",
    "virksomhedstype": "Detail"
  },
  "75590": {
    "By": "\u00c5rre",
    "Elite_Smiley": "1",
    "Geo_Lat": "55.572947",
    "Geo_Lng": "8.666474",
    "Kaedenavn": null,
    "Pixibranche": "Restauranter, pizzeriaer, kantiner m.m.",
    "URL": "http://www.findsmiley.dk/da-DK/Searching/DetailsView.htm?virk=75590",
    "adresse1": "Skolegade 13",
    "branche": "Serveringsvirksomhed - Restauranter m.v.",
    "brancheKode": "DD.56.10.99",
    "cvrnr": "27371574",
    "fjerdeseneste_kontrol": "1",
    "fjerdeseneste_kontrol_dato": "17-01-2017 00:00:00",
    "naestseneste_kontrol": "1",
    "naestseneste_kontrol_dato": "13-03-2018 00:00:00",
    "navn1": "\u00c5rre Kro ",
    "navnelbnr": "75590",
    "pnr": "1010130294",
    "postnr": "6818",
    "region": null,
    "reklame_beskyttelse": "0",
    "seneste_kontrol": "1",
    "seneste_kontrol_dato": "29-10-2019 00:00:00",
    "tredjeseneste_kontrol": "1",
    "tredjeseneste_kontrol_dato": "18-11-2017 00:00:00",
    "virksomhedstype": "Detail"
  },
  "75782": {
    "By": "\u00c5rre",
    "Elite_Smiley": "0",
    "Geo_Lat": "55.585596",
    "Geo_Lng": "8.73963",
    "Kaedenavn": null,
    "Pixibranche": "Restauranter, pizzeriaer, kantiner m.m.",
    "URL": "http://www.findsmiley.dk/da-DK/Searching/DetailsView.htm?virk=75782",
    "adresse1": "Krosvinget 1",
    "branche": "Serveringsvirksomhed - Restauranter m.v.",
    "brancheKode": "DD.56.10.99",
    "cvrnr": "29347891",
    "fjerdeseneste_kontrol": "2",
    "fjerdeseneste_kontrol_dato": "04-11-2017 00:00:00",
    "naestseneste_kontrol": "1",
    "naestseneste_kontrol_dato": "31-10-2018 00:00:00",
    "navn1": "F\u00e5borg Kro ",
    "navnelbnr": "75782",
    "pnr": "1012114709",
    "postnr": "6818",
    "region": null,
    "reklame_beskyttelse": "0",
    "seneste_kontrol": "1",
    "seneste_kontrol_dato": "31-10-2019 00:00:00",
    "tredjeseneste_kontrol": "1",
    "tredjeseneste_kontrol_dato": "08-12-2017 00:00:00",
    "virksomhedstype": "Detail"
  },
  "758222": {
    "By": "Agerb\u00e6k",
    "Elite_Smiley": "0",
    "Geo_Lat": "55.601142",
    "Geo_Lng": "8.802566",
    "Kaedenavn": null,
    "Pixibranche": "Restauranter, pizzeriaer, kantiner m.m.",
    "URL": "http://www.findsmiley.dk/da-DK/Searching/DetailsView.htm?virk=758222",
    "adresse1": "Storegade 12",
    "branche": "Serveringsvirksomhed - Restauranter m.v.",
    "brancheKode": "DD.56.10.99",
    "cvrnr": "27283527",
    "fjerdeseneste_kontrol": "1",
    "fjerdeseneste_kontrol_dato": "14-08-2018 00:00:00",
    "naestseneste_kontrol": "1",
    "naestseneste_kontrol_dato": "26-11-2019 00:00:00",
    "navn1": "Agerb\u00e6k Pizza ",
    "navnelbnr": "758222",
    "pnr": "1019860007",
    "postnr": "6753",
    "region": null,
    "reklame_beskyttelse": "0",
    "seneste_kontrol": "1",
    "seneste_kontrol_dato": "26-11-2020 00:00:00",
    "tredjeseneste_kontrol": "2",
    "tredjeseneste_kontrol_dato": "03-10-2019 00:00:00",
    "virksomhedstype": "Detail"
  },
  "75996": {
    "By": "Varde",
    "Elite_Smiley": "1",
    "Geo_Lat": "55.637352",
    "Geo_Lng": "8.503306",
    "Kaedenavn": null,
    "Pixibranche": "Restauranter, pizzeriaer, kantiner m.m.",
    "URL": "http://www.findsmiley.dk/da-DK/Searching/DetailsView.htm?virk=75996",
    "adresse1": "Lundvej 135",
    "branche": "Serveringsvirksomhed - Restauranter m.v.",
    "brancheKode": "DD.56.10.99",
    "cvrnr": "29189811",
    "fjerdeseneste_kontrol": "1",
    "fjerdeseneste_kontrol_dato": "17-07-2014 00:00:00",
    "naestseneste_kontrol": "1",
    "naestseneste_kontrol_dato": "01-06-2017 00:00:00",
    "navn1": "Bo- og Genoptr\u00e6ningscentret Lunden Aktivitetscentret",
    "navnelbnr": "75996",
    "pnr": "1003328658",
    "postnr": "6800",
    "region": null,
    "reklame_beskyttelse": "0",
    "seneste_kontrol": "1",
    "seneste_kontrol_dato": "09-03-2018 00:00:00",
    "tredjeseneste_kontrol": "1",
    "tredjeseneste_kontrol_dato": "24-06-2016 00:00:00",
    "virksomhedstype": "Detail"
  },
  "76030": {
    "By": "Varde",
    "Elite_Smiley": "0",
    "Geo_Lat": "55.621899",
    "Geo_Lng": "8.48632",
    "Kaedenavn": null,
    "Pixibranche": "Restauranter, pizzeriaer, kantiner m.m.",
    "URL": "http://www.findsmiley.dk/da-DK/Searching/DetailsView.htm?virk=76030",
    "adresse1": "Arnbjergalle 2",
    "branche": "Serveringsvirksomhed - Restauranter m.v.",
    "brancheKode": "DD.56.10.99",
    "cvrnr": "29528977",
    "fjerdeseneste_kontrol": "2",
    "fjerdeseneste_kontrol_dato": "21-10-2019 00:00:00",
    "naestseneste_kontrol": "4",
    "naestseneste_kontrol_dato": "14-12-2019 00:00:00",
    "navn1": "Hotel Arnbjerg ApS ",
    "navnelbnr": "76030",
    "pnr": "1012249728",
    "postnr": "6800",
    "region": null,
    "reklame_beskyttelse": "0",
    "seneste_kontrol": "1",
    "seneste_kontrol_dato": "06-01-2020 00:00:00",
    "tredjeseneste_kontrol": "1",
    "tredjeseneste_kontrol_dato": "31-10-2019 00:00:00",
    "virksomhedstype": "Detail"
  },
  "76080": {
    "By": "Varde",
    "Elite_Smiley": "1",
    "Geo_Lat": "55.617618",
    "Geo_Lng": "8.470688",
    "Kaedenavn": null,
    "Pixibranche": "Restauranter, pizzeriaer, kantiner m.m.",
    "URL": "http://www.findsmiley.dk/da-DK/Searching/DetailsView.htm?virk=76080",
    "adresse1": "Pramstedvej 10 C",
    "branche": "Serveringsvirksomhed - Restauranter m.v.",
    "brancheKode": "DD.56.10.99",
    "cvrnr": "29189811",
    "fjerdeseneste_kontrol": "1",
    "fjerdeseneste_kontrol_dato": "02-11-2015 00:00:00",
    "naestseneste_kontrol": "1",
    "naestseneste_kontrol_dato": "25-09-2017 00:00:00",
    "navn1": "Sct. Jacobi Skole ",
    "navnelbnr": "76080",
    "pnr": "1003332721",
    "postnr": "6800",
    "region": null,
    "reklame_beskyttelse": "0",
    "seneste_kontrol": "1",
    "seneste_kontrol_dato": "23-04-2018 00:00:00",
    "tredjeseneste_kontrol": "1",
    "tredjeseneste_kontrol_dato": "15-08-2016 00:00:00",
    "virksomhedstype": "Detail"
  },
  "76199": {
    "By": "Agerb\u00e6k",
    "Elite_Smiley": "1",
    "Geo_Lat": "55.600485",
    "Geo_Lng": "8.801649",
    "Kaedenavn": null,
    "Pixibranche": "Restauranter, pizzeriaer, kantiner m.m.",
    "URL": "http://www.findsmiley.dk/da-DK/Searching/DetailsView.htm?virk=76199",
    "adresse1": "Storegade 4",
    "branche": "Serveringsvirksomhed - Restauranter m.v.",
    "brancheKode": "DD.56.10.99",
    "cvrnr": "32137776",
    "fjerdeseneste_kontrol": "1",
    "fjerdeseneste_kontrol_dato": "17-11-2015 00:00:00",
    "naestseneste_kontrol": "1",
    "naestseneste_kontrol_dato": "26-04-2017 00:00:00",
    "navn1": "Torvegrillen Agerb\u00e6k ",
    "navnelbnr": "76199",
    "pnr": "1015352066",
    "postnr": "6753",
    "region": null,
    "reklame_beskyttelse": "0",
    "seneste_kontrol": "1",
    "seneste_kontrol_dato": "13-03-2018 00:00:00",
    "tredjeseneste_kontrol": "1",
    "tredjeseneste_kontrol_dato": "04-08-2016 00:00:00",
    "virksomhedstype": "Detail"
  },
  "76403": {
    "By": "Varde",
    "Elite_Smiley": "1",
    "Geo_Lat": "55.623744",
    "Geo_Lng": "8.482675",
    "Kaedenavn": "Kvickly",
    "Pixibranche": "Restauranter, pizzeriaer, kantiner m.m.",
    "URL": "http://www.findsmiley.dk/da-DK/Searching/DetailsView.htm?virk=76403",
    "adresse1": "\u00d8stervold 5",
    "branche": "Serveringsvirksomhed - Restauranter m.v.",
    "brancheKode": "DD.56.10.99",
    "cvrnr": "12673213",
    "fjerdeseneste_kontrol": "1",
    "fjerdeseneste_kontrol_dato": "08-06-2015 00:00:00",
    "naestseneste_kontrol": "1",
    "naestseneste_kontrol_dato": "08-06-2017 00:00:00",
    "navn1": "Kvickly Restaurant",
    "navnelbnr": "76403",
    "pnr": "1002928968",
    "postnr": "6800",
    "region": null,
    "reklame_beskyttelse": "0",
    "seneste_kontrol": "1",
    "seneste_kontrol_dato": "13-02-2018 00:00:00",
    "tredjeseneste_kontrol": "1",
    "tredjeseneste_kontrol_dato": "30-06-2016 00:00:00",
    "virksomhedstype": "Detail"
  },
  "76404": {
    "By": "Varde",
    "Elite_Smiley": "1",
    "Geo_Lat": "55.605801",
    "Geo_Lng": "8.509451",
    "Kaedenavn": null,
    "Pixibranche": "Restauranter, pizzeriaer, kantiner m.m.",
    "URL": "http://www.findsmiley.dk/da-DK/Searching/DetailsView.htm?virk=76404",
    "adresse1": "Roustvej 87",
    "branche": "Serveringsvirksomhed - Restauranter m.v.",
    "brancheKode": "DD.56.10.99",
    "cvrnr": "29848831",
    "fjerdeseneste_kontrol": "1",
    "fjerdeseneste_kontrol_dato": "25-11-2016 00:00:00",
    "naestseneste_kontrol": "1",
    "naestseneste_kontrol_dato": "25-01-2018 00:00:00",
    "navn1": "Legeborgen A/S ",
    "navnelbnr": "76404",
    "pnr": "1012568890",
    "postnr": "6800",
    "region": null,
    "reklame_beskyttelse": "0",
    "seneste_kontrol": "1",
    "seneste_kontrol_dato": "14-11-2018 00:00:00",
    "tredjeseneste_kontrol": "1",
    "tredjeseneste_kontrol_dato": "25-07-2017 00:00:00",
    "virksomhedstype": "Detail"
  },
  "76735": {
    "By": "Varde",
    "Elite_Smiley": "1",
    "Geo_Lat": "55.631297",
    "Geo_Lng": "8.492534",
    "Kaedenavn": null,
    "Pixibranche": "Restauranter, pizzeriaer, kantiner m.m.",
    "URL": "http://www.findsmiley.dk/da-DK/Searching/DetailsView.htm?virk=76735",
    "adresse1": "Carolineparken 1 A",
    "branche": "Serveringsvirksomhed - Restauranter m.v.",
    "brancheKode": "DD.56.10.99",
    "cvrnr": "29189811",
    "fjerdeseneste_kontrol": "1",
    "fjerdeseneste_kontrol_dato": "09-04-2015 00:00:00",
    "naestseneste_kontrol": "1",
    "naestseneste_kontrol_dato": "03-11-2017 00:00:00",
    "navn1": "Plejecenteret Carolineparken ",
    "navnelbnr": "76735",
    "pnr": "1004012931",
    "postnr": "6800",
    "region": null,
    "reklame_beskyttelse": "0",
    "seneste_kontrol": "1",
    "seneste_kontrol_dato": "19-11-2018 00:00:00",
    "tredjeseneste_kontrol": "1",
    "tredjeseneste_kontrol_dato": "22-11-2016 00:00:00",
    "virksomhedstype": "Detail"
  },
  "768491": {
    "By": "Agerb\u00e6k",
    "Elite_Smiley": "0",
    "Geo_Lat": "55.599908",
    "Geo_Lng": "8.800842",
    "Kaedenavn": null,
    "Pixibranche": "Restauranter, pizzeriaer, kantiner m.m.",
    "URL": "http://www.findsmiley.dk/da-DK/Searching/DetailsView.htm?virk=768491",
    "adresse1": "F\u00e5borgvej 126",
    "branche": "Serveringsvirksomhed - Restauranter m.v.",
    "brancheKode": "DD.56.10.99",
    "cvrnr": "39981890",
    "fjerdeseneste_kontrol": null,
    "fjerdeseneste_kontrol_dato": null,
    "naestseneste_kontrol": "1",
    "naestseneste_kontrol_dato": "20-11-2018 00:00:00",
    "navn1": "Pizza Mester ",
    "navnelbnr": "768491",
    "pnr": "1024088312",
    "postnr": "6753",
    "region": null,
    "reklame_beskyttelse": "0",
    "seneste_kontrol": "1",
    "seneste_kontrol_dato": "18-10-2019 00:00:00",
    "tredjeseneste_kontrol": null,
    "tredjeseneste_kontrol_dato": null,
    "virksomhedstype": "Detail"
  },
  "770848": {
    "By": "Varde",
    "Elite_Smiley": "0",
    "Geo_Lat": "55.619678",
    "Geo_Lng": "8.477473",
    "Kaedenavn": null,
    "Pixibranche": "Restauranter, pizzeriaer, kantiner m.m.",
    "URL": "http://www.findsmiley.dk/da-DK/Searching/DetailsView.htm?virk=770848",
    "adresse1": "Kong Svends Plads 5A",
    "branche": "Serveringsvirksomhed - Restauranter m.v.",
    "brancheKode": "DD.56.10.99",
    "cvrnr": "32080510",
    "fjerdeseneste_kontrol": "1",
    "fjerdeseneste_kontrol_dato": "20-11-2018 00:00:00",
    "naestseneste_kontrol": "1",
    "naestseneste_kontrol_dato": "02-11-2019 00:00:00",
    "navn1": "BIG WORLD ApS ",
    "navnelbnr": "770848",
    "pnr": "1015152059",
    "postnr": "6800",
    "region": null,
    "reklame_beskyttelse": "0",
    "seneste_kontrol": "1",
    "seneste_kontrol_dato": "26-11-2020 00:00:00",
    "tredjeseneste_kontrol": "2",
    "tredjeseneste_kontrol_dato": "21-10-2019 00:00:00",
    "virksomhedstype": "Detail"
  },
  "77360": {
    "By": "Agerb\u00e6k",
    "Elite_Smiley": "1",
    "Geo_Lat": "55.604052",
    "Geo_Lng": "8.796393",
    "Kaedenavn": null,
    "Pixibranche": "Restauranter, pizzeriaer, kantiner m.m.",
    "URL": "http://www.findsmiley.dk/da-DK/Searching/DetailsView.htm?virk=77360",
    "adresse1": "Lindealle 6",
    "branche": "Serveringsvirksomhed - Restauranter m.v.",
    "brancheKode": "DD.56.10.99",
    "cvrnr": "30318374",
    "fjerdeseneste_kontrol": "1",
    "fjerdeseneste_kontrol_dato": "18-09-2015 00:00:00",
    "naestseneste_kontrol": "1",
    "naestseneste_kontrol_dato": "03-05-2017 00:00:00",
    "navn1": "Diner Transportable ",
    "navnelbnr": "77360",
    "pnr": "1013172893",
    "postnr": "6753",
    "region": null,
    "reklame_beskyttelse": "0",
    "seneste_kontrol": "1",
    "seneste_kontrol_dato": "26-09-2018 00:00:00",
    "tredjeseneste_kontrol": "1",
    "tredjeseneste_kontrol_dato": "16-09-2016 00:00:00",
    "virksomhedstype": "Detail"
  },
  "786679": {
    "By": "Varde",
    "Elite_Smiley": "1",
    "Geo_Lat": "55.620777",
    "Geo_Lng": "8.480173",
    "Kaedenavn": null,
    "Pixibranche": "Restauranter, pizzeriaer, kantiner m.m.",
    "URL": "http://www.findsmiley.dk/da-DK/Searching/DetailsView.htm?virk=786679",
    "adresse1": "Smedegade 2B",
    "branche": "Serveringsvirksomhed - Restauranter m.v.",
    "brancheKode": "DD.56.10.99",
    "cvrnr": "38110160",
    "fjerdeseneste_kontrol": "1",
    "fjerdeseneste_kontrol_dato": "11-09-2017 00:00:00",
    "naestseneste_kontrol": "1",
    "naestseneste_kontrol_dato": "31-01-2019 00:00:00",
    "navn1": "Ella's coffee shop IVS ",
    "navnelbnr": "786679",
    "pnr": "1021839805",
    "postnr": "6800",
    "region": null,
    "reklame_beskyttelse": "0",
    "seneste_kontrol": "1",
    "seneste_kontrol_dato": "11-02-2020 00:00:00",
    "tredjeseneste_kontrol": "1",
    "tredjeseneste_kontrol_dato": "10-11-2017 00:00:00",
    "virksomhedstype": "Detail"
  },
  "905582": {
    "By": "Varde",
    "Elite_Smiley": "1",
    "Geo_Lat": "55.650383",
    "Geo_Lng": "8.682676",
    "Kaedenavn": null,
    "Pixibranche": "Restauranter, pizzeriaer, kantiner m.m.",
    "URL": "http://www.findsmiley.dk/da-DK/Searching/DetailsView.htm?virk=905582",
    "adresse1": "S\u00f8nderskovvej 76",
    "branche": "Serveringsvirksomhed - Restauranter m.v.",
    "brancheKode": "DD.56.10.99",
    "cvrnr": "40498850",
    "fjerdeseneste_kontrol": "1",
    "fjerdeseneste_kontrol_dato": "26-09-2017 00:00:00",
    "naestseneste_kontrol": "1",
    "naestseneste_kontrol_dato": "21-08-2019 00:00:00",
    "navn1": "Grillen, Nordenskov ",
    "navnelbnr": "905582",
    "pnr": "1024684446",
    "postnr": "6800",
    "region": null,
    "reklame_beskyttelse": "0",
    "seneste_kontrol": "1",
    "seneste_kontrol_dato": "03-09-2020 00:00:00",
    "tredjeseneste_kontrol": "1",
    "tredjeseneste_kontrol_dato": "17-08-2018 00:00:00",
    "virksomhedstype": "Detail"
  },
  "906238": {
    "By": "Varde",
    "Elite_Smiley": "1",
    "Geo_Lat": "55.633029",
    "Geo_Lng": "8.4728",
    "Kaedenavn": null,
    "Pixibranche": "Restauranter, pizzeriaer, kantiner m.m.",
    "URL": "http://www.findsmiley.dk/da-DK/Searching/DetailsView.htm?virk=906238",
    "adresse1": "Lerp\u00f8tvej 55",
    "branche": "Serveringsvirksomhed - Restauranter m.v.",
    "brancheKode": "DD.56.10.99",
    "cvrnr": "39679671",
    "fjerdeseneste_kontrol": "1",
    "fjerdeseneste_kontrol_dato": "17-10-2016 00:00:00",
    "naestseneste_kontrol": "1",
    "naestseneste_kontrol_dato": "23-01-2018 00:00:00",
    "navn1": "Varde Fritidscenter ",
    "navnelbnr": "906238",
    "pnr": "1023745085",
    "postnr": "6800",
    "region": null,
    "reklame_beskyttelse": "0",
    "seneste_kontrol": "1",
    "seneste_kontrol_dato": "23-07-2019 00:00:00",
    "tredjeseneste_kontrol": "1",
    "tredjeseneste_kontrol_dato": "16-03-2017 00:00:00",
    "virksomhedstype": "Detail"
  },
  "906984": {
    "By": "Varde",
    "Elite_Smiley": "0",
    "Geo_Lat": "55.615483",
    "Geo_Lng": "8.488356",
    "Kaedenavn": "Kylling & Co",
    "Pixibranche": "Restauranter, pizzeriaer, kantiner m.m.",
    "URL": "http://www.findsmiley.dk/da-DK/Searching/DetailsView.htm?virk=906984",
    "adresse1": "S\u00f8ndergade 8",
    "branche": "Serveringsvirksomhed - Restauranter m.v.",
    "brancheKode": "DD.56.10.99",
    "cvrnr": "39791110",
    "fjerdeseneste_kontrol": null,
    "fjerdeseneste_kontrol_dato": null,
    "naestseneste_kontrol": "1",
    "naestseneste_kontrol_dato": "02-08-2019 00:00:00",
    "navn1": "Kylling og Co. Varde ApS ",
    "navnelbnr": "906984",
    "pnr": "1023873644",
    "postnr": "6800",
    "region": null,
    "reklame_beskyttelse": "0",
    "seneste_kontrol": "1",
    "seneste_kontrol_dato": "13-01-2020 00:00:00",
    "tredjeseneste_kontrol": null,
    "tredjeseneste_kontrol_dato": null,
    "virksomhedstype": "Detail"
  },
  "909254": {
    "By": "Varde",
    "Elite_Smiley": "0",
    "Geo_Lat": "55.615232",
    "Geo_Lng": "8.488598",
    "Kaedenavn": null,
    "Pixibranche": "Restauranter, pizzeriaer, kantiner m.m.",
    "URL": "http://www.findsmiley.dk/da-DK/Searching/DetailsView.htm?virk=909254",
    "adresse1": "S\u00f8ndergade 12",
    "branche": "Serveringsvirksomhed - Restauranter m.v.",
    "brancheKode": "DD.56.10.99",
    "cvrnr": "40436553",
    "fjerdeseneste_kontrol": null,
    "fjerdeseneste_kontrol_dato": null,
    "naestseneste_kontrol": "1",
    "naestseneste_kontrol_dato": "06-11-2019 00:00:00",
    "navn1": "Gastrobar No.12 ",
    "navnelbnr": "909254",
    "pnr": "1024608766",
    "postnr": "6800",
    "region": null,
    "reklame_beskyttelse": "0",
    "seneste_kontrol": "1",
    "seneste_kontrol_dato": "20-02-2020 00:00:00",
    "tredjeseneste_kontrol": null,
    "tredjeseneste_kontrol_dato": null,
    "virksomhedstype": "Detail"
  },
  "915818": {
    "By": "Varde",
    "Elite_Smiley": "0",
    "Geo_Lat": "55.627847",
    "Geo_Lng": "8.514925",
    "Kaedenavn": null,
    "Pixibranche": "Restauranter, pizzeriaer, kantiner m.m.",
    "URL": "http://www.findsmiley.dk/da-DK/Searching/DetailsView.htm?virk=915818",
    "adresse1": "\u00d8stre Omfartsvej 21",
    "branche": "Serveringsvirksomhed - Restauranter m.v.",
    "brancheKode": "DD.56.10.99",
    "cvrnr": "40774645",
    "fjerdeseneste_kontrol": null,
    "fjerdeseneste_kontrol_dato": null,
    "naestseneste_kontrol": null,
    "naestseneste_kontrol_dato": null,
    "navn1": "Road Hause West ",
    "navnelbnr": "915818",
    "pnr": "1025020495",
    "postnr": "6800",
    "region": null,
    "reklame_beskyttelse": "0",
    "seneste_kontrol": "1",
    "seneste_kontrol_dato": "21-10-2019 00:00:00",
    "tredjeseneste_kontrol": null,
    "tredjeseneste_kontrol_dato": null,
    "virksomhedstype": "Detail"
  },
  "927035": {
    "By": "Varde",
    "Elite_Smiley": "0",
    "Geo_Lat": "55.623115",
    "Geo_Lng": "8.50906",
    "Kaedenavn": null,
    "Pixibranche": "Restauranter, pizzeriaer, kantiner m.m.",
    "URL": "http://www.findsmiley.dk/da-DK/Searching/DetailsView.htm?virk=927035",
    "adresse1": "Gellerupvej 111B",
    "branche": "Serveringsvirksomhed - Restauranter m.v.",
    "brancheKode": "DD.56.10.99",
    "cvrnr": "40870040",
    "fjerdeseneste_kontrol": null,
    "fjerdeseneste_kontrol_dato": null,
    "naestseneste_kontrol": null,
    "naestseneste_kontrol_dato": null,
    "navn1": "Restaurant Varde \u00c5dal ",
    "navnelbnr": "927035",
    "pnr": "1025147991",
    "postnr": "6800",
    "region": null,
    "reklame_beskyttelse": "0",
    "seneste_kontrol": "1",
    "seneste_kontrol_dato": "17-06-2020 00:00:00",
    "tredjeseneste_kontrol": null,
    "tredjeseneste_kontrol_dato": null,
    "virksomhedstype": "Detail"
  },
  "936315": {
    "By": "Varde",
    "Elite_Smiley": "0",
    "Geo_Lat": "55.622082",
    "Geo_Lng": "8.485063",
    "Kaedenavn": null,
    "Pixibranche": "Restauranter, pizzeriaer, kantiner m.m.",
    "URL": "http://www.findsmiley.dk/da-DK/Searching/DetailsView.htm?virk=936315",
    "adresse1": "Voldsti 3",
    "branche": "Serveringsvirksomhed - Restauranter m.v.",
    "brancheKode": "DD.56.10.99",
    "cvrnr": "40956131",
    "fjerdeseneste_kontrol": null,
    "fjerdeseneste_kontrol_dato": null,
    "naestseneste_kontrol": null,
    "naestseneste_kontrol_dato": null,
    "navn1": "Mormors ",
    "navnelbnr": "936315",
    "pnr": "1025703894",
    "postnr": "6800",
    "region": null,
    "reklame_beskyttelse": "0",
    "seneste_kontrol": "1",
    "seneste_kontrol_dato": "27-05-2020 00:00:00",
    "tredjeseneste_kontrol": null,
    "tredjeseneste_kontrol_dato": null,
    "virksomhedstype": "Detail"
  },
  "947006": {
    "By": "Varde",
    "Elite_Smiley": "0",
    "Geo_Lat": "55.615481",
    "Geo_Lng": "8.485753",
    "Kaedenavn": "L\u00f8vbjerg Supermarked ",
    "Pixibranche": "Restauranter, pizzeriaer, kantiner m.m.",
    "URL": "http://www.findsmiley.dk/da-DK/Searching/DetailsView.htm?virk=947006",
    "adresse1": "Hjertingvej 15",
    "branche": "Serveringsvirksomhed - Restauranter m.v.",
    "brancheKode": "DD.56.10.99",
    "cvrnr": "17888749",
    "fjerdeseneste_kontrol": null,
    "fjerdeseneste_kontrol_dato": null,
    "naestseneste_kontrol": null,
    "naestseneste_kontrol_dato": null,
    "navn1": "L\u00f8vbjerg Supermarked  Delikatesse",
    "navnelbnr": "947006",
    "pnr": "1002990660",
    "postnr": "6800",
    "region": null,
    "reklame_beskyttelse": "0",
    "seneste_kontrol": "1",
    "seneste_kontrol_dato": "08-09-2020 00:00:00",
    "tredjeseneste_kontrol": null,
    "tredjeseneste_kontrol_dato": null,
    "virksomhedstype": "Detail"
  },
  "947571": {
    "By": "Varde",
    "Elite_Smiley": "0",
    "Geo_Lat": "55.649802",
    "Geo_Lng": "8.68365",
    "Kaedenavn": null,
    "Pixibranche": "Restauranter, pizzeriaer, kantiner m.m.",
    "URL": "http://www.findsmiley.dk/da-DK/Searching/DetailsView.htm?virk=947571",
    "adresse1": "Heagervej 7",
    "branche": "Serveringsvirksomhed - Restauranter m.v.",
    "brancheKode": "DD.56.10.99",
    "cvrnr": "40836683",
    "fjerdeseneste_kontrol": null,
    "fjerdeseneste_kontrol_dato": null,
    "naestseneste_kontrol": "1",
    "naestseneste_kontrol_dato": "13-08-2020 00:00:00",
    "navn1": "Nordenskov Kro v/ Arend Doornbos",
    "navnelbnr": "947571",
    "pnr": null,
    "postnr": "6800",
    "region": null,
    "reklame_beskyttelse": "0",
    "seneste_kontrol": "1",
    "seneste_kontrol_dato": "09-10-2020 00:00:00",
    "tredjeseneste_kontrol": "2",
    "tredjeseneste_kontrol_dato": "14-07-2020 00:00:00",
    "virksomhedstype": "Detail"
  },
  "950683": {
    "By": "Varde",
    "Elite_Smiley": "0",
    "Geo_Lat": "55.620413",
    "Geo_Lng": "8.481369",
    "Kaedenavn": null,
    "Pixibranche": "Restauranter, pizzeriaer, kantiner m.m.",
    "URL": "http://www.findsmiley.dk/da-DK/Searching/DetailsView.htm?virk=950683",
    "adresse1": "Kr\u00e6mmergade 3D",
    "branche": "Serveringsvirksomhed - Restauranter m.v.",
    "brancheKode": "DD.56.10.99",
    "cvrnr": "41460814",
    "fjerdeseneste_kontrol": null,
    "fjerdeseneste_kontrol_dato": null,
    "naestseneste_kontrol": null,
    "naestseneste_kontrol_dato": null,
    "navn1": "Royal D\u00f6ner ",
    "navnelbnr": "950683",
    "pnr": "1025993833",
    "postnr": "6800",
    "region": null,
    "reklame_beskyttelse": "0",
    "seneste_kontrol": "1",
    "seneste_kontrol_dato": "19-08-2020 00:00:00",
    "tredjeseneste_kontrol": null,
    "tredjeseneste_kontrol_dato": null,
    "virksomhedstype": "Detail"
  },
  "956772": {
    "By": "Varde",
    "Elite_Smiley": "0",
    "Geo_Lat": "55.620544",
    "Geo_Lng": "8.480288",
    "Kaedenavn": null,
    "Pixibranche": "Restauranter, pizzeriaer, kantiner m.m.",
    "URL": "http://www.findsmiley.dk/da-DK/Searching/DetailsView.htm?virk=956772",
    "adresse1": "Torvet 8",
    "branche": "Serveringsvirksomhed - Restauranter m.v.",
    "brancheKode": "DD.56.10.99",
    "cvrnr": "26696186",
    "fjerdeseneste_kontrol": null,
    "fjerdeseneste_kontrol_dato": null,
    "naestseneste_kontrol": null,
    "naestseneste_kontrol_dato": null,
    "navn1": "Torvets grill varde ",
    "navnelbnr": "956772",
    "pnr": null,
    "postnr": "6800",
    "region": null,
    "reklame_beskyttelse": "0",
    "seneste_kontrol": "1",
    "seneste_kontrol_dato": "24-09-2020 00:00:00",
    "tredjeseneste_kontrol": null,
    "tredjeseneste_kontrol_dato": null,
    "virksomhedstype": "Detail"
  },
  "957995": {
    "By": "Varde",
    "Elite_Smiley": "0",
    "Geo_Lat": "55.62112",
    "Geo_Lng": "8.482789",
    "Kaedenavn": null,
    "Pixibranche": "Restauranter, pizzeriaer, kantiner m.m.",
    "URL": "http://www.findsmiley.dk/da-DK/Searching/DetailsView.htm?virk=957995",
    "adresse1": "Storegade 37A, st",
    "branche": "Serveringsvirksomhed - Restauranter m.v.",
    "brancheKode": "DD.56.10.99",
    "cvrnr": "41498595",
    "fjerdeseneste_kontrol": null,
    "fjerdeseneste_kontrol_dato": null,
    "naestseneste_kontrol": null,
    "naestseneste_kontrol_dato": null,
    "navn1": "Juicen ice  ",
    "navnelbnr": "957995",
    "pnr": "1026048822",
    "postnr": "6800",
    "region": null,
    "reklame_beskyttelse": "0",
    "seneste_kontrol": "1",
    "seneste_kontrol_dato": "02-12-2020 00:00:00",
    "tredjeseneste_kontrol": null,
    "tredjeseneste_kontrol_dato": null,
    "virksomhedstype": "Detail"
  },
  "959860": {
    "By": "Varde",
    "Elite_Smiley": "0",
    "Geo_Lat": "55.632299",
    "Geo_Lng": "8.476638",
    "Kaedenavn": null,
    "Pixibranche": "Restauranter, pizzeriaer, kantiner m.m.",
    "URL": "http://www.findsmiley.dk/da-DK/Searching/DetailsView.htm?virk=959860",
    "adresse1": "Nordre Boulevard 98",
    "branche": "Serveringsvirksomhed - Restauranter m.v.",
    "brancheKode": "DD.56.10.99",
    "cvrnr": "27403646",
    "fjerdeseneste_kontrol": null,
    "fjerdeseneste_kontrol_dato": null,
    "naestseneste_kontrol": null,
    "naestseneste_kontrol_dato": null,
    "navn1": "Biizar ",
    "navnelbnr": "959860",
    "pnr": "1025918920",
    "postnr": "6800",
    "region": null,
    "reklame_beskyttelse": "0",
    "seneste_kontrol": "1",
    "seneste_kontrol_dato": "26-11-2020 00:00:00",
    "tredjeseneste_kontrol": null,
    "tredjeseneste_kontrol_dato": null,
    "virksomhedstype": "Detail"
  },
  "960661": {
    "By": "Varde",
    "Elite_Smiley": "0",
    "Geo_Lat": "55.607647",
    "Geo_Lng": "8.505761",
    "Kaedenavn": null,
    "Pixibranche": "Restauranter, pizzeriaer, kantiner m.m.",
    "URL": "http://www.findsmiley.dk/da-DK/Searching/DetailsView.htm?virk=960661",
    "adresse1": "Borgpladsen 7A",
    "branche": "Serveringsvirksomhed - Restauranter m.v.",
    "brancheKode": "DD.56.10.99",
    "cvrnr": "40850783",
    "fjerdeseneste_kontrol": null,
    "fjerdeseneste_kontrol_dato": null,
    "naestseneste_kontrol": null,
    "naestseneste_kontrol_dato": null,
    "navn1": "Riis Drop In APS ",
    "navnelbnr": "960661",
    "pnr": null,
    "postnr": "6800",
    "region": null,
    "reklame_beskyttelse": "0",
    "seneste_kontrol": "2",
    "seneste_kontrol_dato": "17-11-2020 00:00:00",
    "tredjeseneste_kontrol": null,
    "tredjeseneste_kontrol_dato": null,
    "virksomhedstype": "Detail"
  }
}