{
  "121955": {
    "By": "Arden",
    "Elite_Smiley": "1",
    "Geo_Lat": "56.769935",
    "Geo_Lng": "9.859241",
    "Kaedenavn": null,
    "Pixibranche": "Restauranter, pizzeriaer, kantiner m.m.",
    "URL": "http://www.findsmiley.dk/da-DK/Searching/DetailsView.htm?virk=121955",
    "adresse1": "Bluhmesgade 19",
    "branche": "Serveringsvirksomhed - Restauranter m.v.",
    "brancheKode": "DD.56.10.99",
    "cvrnr": "60786615",
    "fjerdeseneste_kontrol": "1",
    "fjerdeseneste_kontrol_dato": "01-09-2015 00:00:00",
    "naestseneste_kontrol": "1",
    "naestseneste_kontrol_dato": "24-08-2017 00:00:00",
    "navn1": "Det Bl\u00e5 V\u00e6rested ",
    "navnelbnr": "121955",
    "pnr": "1016680180",
    "postnr": "9510",
    "region": null,
    "reklame_beskyttelse": "0",
    "seneste_kontrol": "1",
    "seneste_kontrol_dato": "05-03-2019 00:00:00",
    "tredjeseneste_kontrol": "1",
    "tredjeseneste_kontrol_dato": "17-05-2016 00:00:00",
    "virksomhedstype": "Detail"
  },
  "20487": {
    "By": "Arden",
    "Elite_Smiley": "1",
    "Geo_Lat": "56.772995",
    "Geo_Lng": "9.869996",
    "Kaedenavn": null,
    "Pixibranche": "Restauranter, pizzeriaer, kantiner m.m.",
    "URL": "http://www.findsmiley.dk/da-DK/Searching/DetailsView.htm?virk=20487",
    "adresse1": "Bl\u00e5kildevej 46 E",
    "branche": "Serveringsvirksomhed - Restauranter m.v.",
    "brancheKode": "DD.56.10.99",
    "cvrnr": "29189471",
    "fjerdeseneste_kontrol": "1",
    "fjerdeseneste_kontrol_dato": "03-03-2016 00:00:00",
    "naestseneste_kontrol": "1",
    "naestseneste_kontrol_dato": "16-08-2017 00:00:00",
    "navn1": "Specialskolen for Voksne Himmerland ",
    "navnelbnr": "20487",
    "pnr": "1013777051",
    "postnr": "9510",
    "region": null,
    "reklame_beskyttelse": "0",
    "seneste_kontrol": "1",
    "seneste_kontrol_dato": "19-03-2019 00:00:00",
    "tredjeseneste_kontrol": "1",
    "tredjeseneste_kontrol_dato": "05-04-2017 00:00:00",
    "virksomhedstype": "Detail"
  },
  "21691": {
    "By": "Arden",
    "Elite_Smiley": "1",
    "Geo_Lat": "56.767535",
    "Geo_Lng": "9.862",
    "Kaedenavn": null,
    "Pixibranche": "Restauranter, pizzeriaer, kantiner m.m.",
    "URL": "http://www.findsmiley.dk/da-DK/Searching/DetailsView.htm?virk=21691",
    "adresse1": "\u00d8stergade 22",
    "branche": "Serveringsvirksomhed - Restauranter m.v.",
    "brancheKode": "DD.56.10.99",
    "cvrnr": "29189455",
    "fjerdeseneste_kontrol": "1",
    "fjerdeseneste_kontrol_dato": "30-11-2016 00:00:00",
    "naestseneste_kontrol": "1",
    "naestseneste_kontrol_dato": "09-01-2018 00:00:00",
    "navn1": "R\u00e5dhuset i Arden - Kantinen ",
    "navnelbnr": "21691",
    "pnr": "1016570687",
    "postnr": "9510",
    "region": null,
    "reklame_beskyttelse": "0",
    "seneste_kontrol": "1",
    "seneste_kontrol_dato": "18-09-2018 00:00:00",
    "tredjeseneste_kontrol": "1",
    "tredjeseneste_kontrol_dato": "05-04-2017 00:00:00",
    "virksomhedstype": "Detail"
  },
  "23124": {
    "By": "Arden",
    "Elite_Smiley": "1",
    "Geo_Lat": "56.761886",
    "Geo_Lng": "9.844564",
    "Kaedenavn": null,
    "Pixibranche": "Restauranter, pizzeriaer, kantiner m.m.",
    "URL": "http://www.findsmiley.dk/da-DK/Searching/DetailsView.htm?virk=23124",
    "adresse1": "Industrivej 8",
    "branche": "Serveringsvirksomhed - Restauranter m.v.",
    "brancheKode": "DD.56.10.99",
    "cvrnr": "61628711",
    "fjerdeseneste_kontrol": "1",
    "fjerdeseneste_kontrol_dato": "10-04-2018 00:00:00",
    "naestseneste_kontrol": "1",
    "naestseneste_kontrol_dato": "03-07-2019 00:00:00",
    "navn1": "Riantics ",
    "navnelbnr": "23124",
    "pnr": "1002138216",
    "postnr": "9510",
    "region": null,
    "reklame_beskyttelse": "0",
    "seneste_kontrol": "1",
    "seneste_kontrol_dato": "19-11-2019 00:00:00",
    "tredjeseneste_kontrol": "1",
    "tredjeseneste_kontrol_dato": "29-10-2018 00:00:00",
    "virksomhedstype": "Detail"
  },
  "510981": {
    "By": "Arden",
    "Elite_Smiley": "1",
    "Geo_Lat": "56.768565",
    "Geo_Lng": "9.861075",
    "Kaedenavn": null,
    "Pixibranche": "Restauranter, pizzeriaer, kantiner m.m.",
    "URL": "http://www.findsmiley.dk/da-DK/Searching/DetailsView.htm?virk=510981",
    "adresse1": "\u00d8stergade 7",
    "branche": "Serveringsvirksomhed - Restauranter m.v.",
    "brancheKode": "DD.56.10.99",
    "cvrnr": "34560595",
    "fjerdeseneste_kontrol": "1",
    "fjerdeseneste_kontrol_dato": "03-05-2013 00:00:00",
    "naestseneste_kontrol": "1",
    "naestseneste_kontrol_dato": "17-03-2017 00:00:00",
    "navn1": "Madv\u00e6rkstedet ",
    "navnelbnr": "510981",
    "pnr": "1017803510",
    "postnr": "9510",
    "region": null,
    "reklame_beskyttelse": "0",
    "seneste_kontrol": "1",
    "seneste_kontrol_dato": "19-03-2019 00:00:00",
    "tredjeseneste_kontrol": "1",
    "tredjeseneste_kontrol_dato": "07-01-2015 00:00:00",
    "virksomhedstype": "Detail"
  },
  "720533": {
    "By": "Arden",
    "Elite_Smiley": "1",
    "Geo_Lat": "56.770093",
    "Geo_Lng": "9.858476",
    "Kaedenavn": null,
    "Pixibranche": "Restauranter, pizzeriaer, kantiner m.m.",
    "URL": "http://www.findsmiley.dk/da-DK/Searching/DetailsView.htm?virk=720533",
    "adresse1": "Bluhmesgade 17a",
    "branche": "Serveringsvirksomhed - Restauranter m.v.",
    "brancheKode": "DD.56.10.99",
    "cvrnr": "28615922",
    "fjerdeseneste_kontrol": "1",
    "fjerdeseneste_kontrol_dato": "25-10-2018 00:00:00",
    "naestseneste_kontrol": "1",
    "naestseneste_kontrol_dato": "27-11-2019 00:00:00",
    "navn1": "Arden Pizza ",
    "navnelbnr": "720533",
    "pnr": "1021234180",
    "postnr": "9510",
    "region": null,
    "reklame_beskyttelse": "0",
    "seneste_kontrol": "1",
    "seneste_kontrol_dato": "08-06-2020 00:00:00",
    "tredjeseneste_kontrol": "1",
    "tredjeseneste_kontrol_dato": "11-07-2019 00:00:00",
    "virksomhedstype": "Detail"
  },
  "924008": {
    "By": "Arden",
    "Elite_Smiley": "0",
    "Geo_Lat": "56.769311",
    "Geo_Lng": "9.859751",
    "Kaedenavn": null,
    "Pixibranche": "Restauranter, pizzeriaer, kantiner m.m.",
    "URL": "http://www.findsmiley.dk/da-DK/Searching/DetailsView.htm?virk=924008",
    "adresse1": "Jernbanegade 4",
    "branche": "Serveringsvirksomhed - Restauranter m.v.",
    "brancheKode": "DD.56.10.99",
    "cvrnr": "40587683",
    "fjerdeseneste_kontrol": null,
    "fjerdeseneste_kontrol_dato": null,
    "naestseneste_kontrol": null,
    "naestseneste_kontrol_dato": null,
    "navn1": "Ragnhilds Overskud ",
    "navnelbnr": "924008",
    "pnr": "1024792346",
    "postnr": "9510",
    "region": null,
    "reklame_beskyttelse": "0",
    "seneste_kontrol": "1",
    "seneste_kontrol_dato": "12-12-2019 00:00:00",
    "tredjeseneste_kontrol": null,
    "tredjeseneste_kontrol_dato": null,
    "virksomhedstype": "Detail"
  },
  "956730": {
    "By": "Arden",
    "Elite_Smiley": "0",
    "Geo_Lat": "56.769371",
    "Geo_Lng": "9.857592",
    "Kaedenavn": null,
    "Pixibranche": "Restauranter, pizzeriaer, kantiner m.m.",
    "URL": "http://www.findsmiley.dk/da-DK/Searching/DetailsView.htm?virk=956730",
    "adresse1": "Vestergade 14",
    "branche": "Serveringsvirksomhed - Restauranter m.v.",
    "brancheKode": "DD.56.10.99",
    "cvrnr": "30304845",
    "fjerdeseneste_kontrol": null,
    "fjerdeseneste_kontrol_dato": null,
    "naestseneste_kontrol": null,
    "naestseneste_kontrol_dato": null,
    "navn1": "NOVA PIZZARIA ",
    "navnelbnr": "956730",
    "pnr": "1026050843",
    "postnr": "9510",
    "region": null,
    "reklame_beskyttelse": "0",
    "seneste_kontrol": "1",
    "seneste_kontrol_dato": "11-12-2020 00:00:00",
    "tredjeseneste_kontrol": null,
    "tredjeseneste_kontrol_dato": null,
    "virksomhedstype": "Detail"
  }
}