{
  "123423": {
    "By": "Brande",
    "Elite_Smiley": "1",
    "Geo_Lat": "55.927979",
    "Geo_Lng": "9.143653",
    "Kaedenavn": null,
    "Pixibranche": "Restauranter, pizzeriaer, kantiner m.m.",
    "URL": "http://www.findsmiley.dk/da-DK/Searching/DetailsView.htm?virk=123423",
    "adresse1": "Skerrisvej 4",
    "branche": "Serveringsvirksomhed - Restauranter m.v.",
    "brancheKode": "DD.56.10.99",
    "cvrnr": "27508642",
    "fjerdeseneste_kontrol": "1",
    "fjerdeseneste_kontrol_dato": "16-12-2015 00:00:00",
    "naestseneste_kontrol": "1",
    "naestseneste_kontrol_dato": "21-02-2018 00:00:00",
    "navn1": "Danish Bottling Company A/S, kantine ",
    "navnelbnr": "123423",
    "pnr": "1010324161",
    "postnr": "7330",
    "region": null,
    "reklame_beskyttelse": "0",
    "seneste_kontrol": "1",
    "seneste_kontrol_dato": "15-02-2019 00:00:00",
    "tredjeseneste_kontrol": "1",
    "tredjeseneste_kontrol_dato": "20-10-2016 00:00:00",
    "virksomhedstype": "Detail"
  },
  "124506": {
    "By": "Give",
    "Elite_Smiley": "1",
    "Geo_Lat": "55.907433",
    "Geo_Lng": "9.262217",
    "Kaedenavn": null,
    "Pixibranche": "Restauranter, pizzeriaer, kantiner m.m.",
    "URL": "http://www.findsmiley.dk/da-DK/Searching/DetailsView.htm?virk=124506",
    "adresse1": "Skolegade 8, Thyregod",
    "branche": "Serveringsvirksomhed - Restauranter m.v.",
    "brancheKode": "DD.56.10.99",
    "cvrnr": "27446965",
    "fjerdeseneste_kontrol": "1",
    "fjerdeseneste_kontrol_dato": "04-05-2016 00:00:00",
    "naestseneste_kontrol": "1",
    "naestseneste_kontrol_dato": "03-04-2018 00:00:00",
    "navn1": "Thyregod Kursus og Kulturcenter \"Den selvejende institution\"",
    "navnelbnr": "124506",
    "pnr": "1010220765",
    "postnr": "7323",
    "region": null,
    "reklame_beskyttelse": "0",
    "seneste_kontrol": "1",
    "seneste_kontrol_dato": "30-10-2018 00:00:00",
    "tredjeseneste_kontrol": "1",
    "tredjeseneste_kontrol_dato": "14-06-2017 00:00:00",
    "virksomhedstype": "Detail"
  },
  "125296": {
    "By": "Ejstrupholm",
    "Elite_Smiley": "0",
    "Geo_Lat": "55.983312",
    "Geo_Lng": "9.28637",
    "Kaedenavn": null,
    "Pixibranche": "Restauranter, pizzeriaer, kantiner m.m.",
    "URL": "http://www.findsmiley.dk/da-DK/Searching/DetailsView.htm?virk=125296",
    "adresse1": "S\u00f8ndergade 25",
    "branche": "Serveringsvirksomhed - Restauranter m.v.",
    "brancheKode": "DD.56.10.99",
    "cvrnr": "33227345",
    "fjerdeseneste_kontrol": "1",
    "fjerdeseneste_kontrol_dato": "27-11-2018 00:00:00",
    "naestseneste_kontrol": "2",
    "naestseneste_kontrol_dato": "22-07-2020 00:00:00",
    "navn1": "Ejstrupholm Hotel ",
    "navnelbnr": "125296",
    "pnr": "1016461179",
    "postnr": "7361",
    "region": null,
    "reklame_beskyttelse": "0",
    "seneste_kontrol": "1",
    "seneste_kontrol_dato": "21-10-2020 00:00:00",
    "tredjeseneste_kontrol": "1",
    "tredjeseneste_kontrol_dato": "13-11-2019 00:00:00",
    "virksomhedstype": "Detail"
  },
  "178651": {
    "By": "Brande",
    "Elite_Smiley": "0",
    "Geo_Lat": "55.941661",
    "Geo_Lng": "9.129455",
    "Kaedenavn": "Kvickly",
    "Pixibranche": "Restauranter, pizzeriaer, kantiner m.m.",
    "URL": "http://www.findsmiley.dk/da-DK/Searching/DetailsView.htm?virk=178651",
    "adresse1": "Storegade 60",
    "branche": "Serveringsvirksomhed - Restauranter m.v.",
    "brancheKode": "DD.56.10.99",
    "cvrnr": "26259495",
    "fjerdeseneste_kontrol": "2",
    "fjerdeseneste_kontrol_dato": "03-06-2015 00:00:00",
    "naestseneste_kontrol": "1",
    "naestseneste_kontrol_dato": "12-10-2016 00:00:00",
    "navn1": "Kvickly Bager",
    "navnelbnr": "178651",
    "pnr": "1003076413",
    "postnr": "7330",
    "region": null,
    "reklame_beskyttelse": "0",
    "seneste_kontrol": "1",
    "seneste_kontrol_dato": "22-02-2018 00:00:00",
    "tredjeseneste_kontrol": "1",
    "tredjeseneste_kontrol_dato": "14-07-2015 00:00:00",
    "virksomhedstype": "Detail"
  },
  "39809": {
    "By": "Brande",
    "Elite_Smiley": "1",
    "Geo_Lat": "55.944804",
    "Geo_Lng": "9.131675",
    "Kaedenavn": null,
    "Pixibranche": "Restauranter, pizzeriaer, kantiner m.m.",
    "URL": "http://www.findsmiley.dk/da-DK/Searching/DetailsView.htm?virk=39809",
    "adresse1": "Remisevej 1",
    "branche": "Serveringsvirksomhed - Restauranter m.v.",
    "brancheKode": "DD.56.10.99",
    "cvrnr": "25877519",
    "fjerdeseneste_kontrol": "1",
    "fjerdeseneste_kontrol_dato": "11-02-2010 00:00:00",
    "naestseneste_kontrol": "1",
    "naestseneste_kontrol_dato": "03-02-2012 00:00:00",
    "navn1": "RemisenBrande ",
    "navnelbnr": "39809",
    "pnr": "1008257201",
    "postnr": "7330",
    "region": null,
    "reklame_beskyttelse": "0",
    "seneste_kontrol": "1",
    "seneste_kontrol_dato": "27-11-2019 00:00:00",
    "tredjeseneste_kontrol": "1",
    "tredjeseneste_kontrol_dato": "27-01-2011 00:00:00",
    "virksomhedstype": "Detail"
  },
  "40223": {
    "By": "Ejstrupholm",
    "Elite_Smiley": "1",
    "Geo_Lat": "55.984045",
    "Geo_Lng": "9.288139",
    "Kaedenavn": null,
    "Pixibranche": "Restauranter, pizzeriaer, kantiner m.m.",
    "URL": "http://www.findsmiley.dk/da-DK/Searching/DetailsView.htm?virk=40223",
    "adresse1": "S\u00f8ndergade 4",
    "branche": "Serveringsvirksomhed - Restauranter m.v.",
    "brancheKode": "DD.56.10.99",
    "cvrnr": "20803304",
    "fjerdeseneste_kontrol": "1",
    "fjerdeseneste_kontrol_dato": "29-04-2016 00:00:00",
    "naestseneste_kontrol": "1",
    "naestseneste_kontrol_dato": "25-08-2017 00:00:00",
    "navn1": "Pizza Kebab Huset Ejstrupholm ",
    "navnelbnr": "40223",
    "pnr": "1004785775",
    "postnr": "7361",
    "region": null,
    "reklame_beskyttelse": "0",
    "seneste_kontrol": "1",
    "seneste_kontrol_dato": "05-12-2019 00:00:00",
    "tredjeseneste_kontrol": "1",
    "tredjeseneste_kontrol_dato": "07-10-2016 00:00:00",
    "virksomhedstype": "Detail"
  },
  "40288": {
    "By": "Ejstrupholm",
    "Elite_Smiley": "1",
    "Geo_Lat": "55.985803",
    "Geo_Lng": "9.285636",
    "Kaedenavn": null,
    "Pixibranche": "Restauranter, pizzeriaer, kantiner m.m.",
    "URL": "http://www.findsmiley.dk/da-DK/Searching/DetailsView.htm?virk=40288",
    "adresse1": "Vestergade 38  B",
    "branche": "Serveringsvirksomhed - Restauranter m.v.",
    "brancheKode": "DD.56.10.99",
    "cvrnr": "26227623",
    "fjerdeseneste_kontrol": "1",
    "fjerdeseneste_kontrol_dato": "09-09-2015 00:00:00",
    "naestseneste_kontrol": "1",
    "naestseneste_kontrol_dato": "25-08-2017 00:00:00",
    "navn1": "Ejstrupholm Hallens Cafeteria v/John Hammer Pedersen",
    "navnelbnr": "40288",
    "pnr": "1008662718",
    "postnr": "7361",
    "region": null,
    "reklame_beskyttelse": "0",
    "seneste_kontrol": "1",
    "seneste_kontrol_dato": "31-01-2019 00:00:00",
    "tredjeseneste_kontrol": "1",
    "tredjeseneste_kontrol_dato": "02-03-2017 00:00:00",
    "virksomhedstype": "Detail"
  },
  "40852": {
    "By": "Brande",
    "Elite_Smiley": "1",
    "Geo_Lat": "55.942228",
    "Geo_Lng": "9.128608",
    "Kaedenavn": null,
    "Pixibranche": "Restauranter, pizzeriaer, kantiner m.m.",
    "URL": "http://www.findsmiley.dk/da-DK/Searching/DetailsView.htm?virk=40852",
    "adresse1": "Storegade 52",
    "branche": "Serveringsvirksomhed - Restauranter m.v.",
    "brancheKode": "DD.56.10.99",
    "cvrnr": "26351499",
    "fjerdeseneste_kontrol": "1",
    "fjerdeseneste_kontrol_dato": "31-10-2017 00:00:00",
    "naestseneste_kontrol": "1",
    "naestseneste_kontrol_dato": "15-08-2019 00:00:00",
    "navn1": "Peking Grill ",
    "navnelbnr": "40852",
    "pnr": "1008810822",
    "postnr": "7330",
    "region": null,
    "reklame_beskyttelse": "0",
    "seneste_kontrol": "1",
    "seneste_kontrol_dato": "28-11-2019 00:00:00",
    "tredjeseneste_kontrol": "1",
    "tredjeseneste_kontrol_dato": "31-10-2018 00:00:00",
    "virksomhedstype": "Detail"
  },
  "40922": {
    "By": "Brande",
    "Elite_Smiley": "1",
    "Geo_Lat": "55.934177",
    "Geo_Lng": "9.159635",
    "Kaedenavn": null,
    "Pixibranche": "Restauranter, pizzeriaer, kantiner m.m.",
    "URL": "http://www.findsmiley.dk/da-DK/Searching/DetailsView.htm?virk=40922",
    "adresse1": "Sj\u00e6llandsvej 14-18",
    "branche": "Serveringsvirksomhed - Restauranter m.v.",
    "brancheKode": "DD.56.10.99",
    "cvrnr": "26998115",
    "fjerdeseneste_kontrol": "1",
    "fjerdeseneste_kontrol_dato": "31-01-2013 00:00:00",
    "naestseneste_kontrol": "1",
    "naestseneste_kontrol_dato": "08-06-2016 00:00:00",
    "navn1": "Give St\u00e5lsp\u00e6r ",
    "navnelbnr": "40922",
    "pnr": "1001285511",
    "postnr": "7330",
    "region": null,
    "reklame_beskyttelse": "0",
    "seneste_kontrol": "1",
    "seneste_kontrol_dato": "22-01-2018 00:00:00",
    "tredjeseneste_kontrol": "1",
    "tredjeseneste_kontrol_dato": "10-03-2014 00:00:00",
    "virksomhedstype": "Detail"
  },
  "41422": {
    "By": "Brande",
    "Elite_Smiley": "1",
    "Geo_Lat": "55.928846",
    "Geo_Lng": "9.155243",
    "Kaedenavn": null,
    "Pixibranche": "Restauranter, pizzeriaer, kantiner m.m.",
    "URL": "http://www.findsmiley.dk/da-DK/Searching/DetailsView.htm?virk=41422",
    "adresse1": "Fynsvej 4",
    "branche": "Serveringsvirksomhed - Restauranter m.v.",
    "brancheKode": "DD.56.10.99",
    "cvrnr": "19992330",
    "fjerdeseneste_kontrol": "1",
    "fjerdeseneste_kontrol_dato": "08-01-2013 00:00:00",
    "naestseneste_kontrol": "1",
    "naestseneste_kontrol_dato": "03-10-2017 00:00:00",
    "navn1": "Brande Entrepren\u00f8r Service Aps ",
    "navnelbnr": "41422",
    "pnr": "1002622257",
    "postnr": "7330",
    "region": null,
    "reklame_beskyttelse": "0",
    "seneste_kontrol": "1",
    "seneste_kontrol_dato": "17-01-2019 00:00:00",
    "tredjeseneste_kontrol": "1",
    "tredjeseneste_kontrol_dato": "18-02-2015 00:00:00",
    "virksomhedstype": "Detail"
  },
  "41621": {
    "By": "Ejstrupholm",
    "Elite_Smiley": "1",
    "Geo_Lat": "55.982625",
    "Geo_Lng": "9.288369",
    "Kaedenavn": null,
    "Pixibranche": "Restauranter, pizzeriaer, kantiner m.m.",
    "URL": "http://www.findsmiley.dk/da-DK/Searching/DetailsView.htm?virk=41621",
    "adresse1": "Smedev\u00e6nget 14",
    "branche": "Serveringsvirksomhed - Restauranter m.v.",
    "brancheKode": "DD.56.10.99",
    "cvrnr": "29189617",
    "fjerdeseneste_kontrol": "1",
    "fjerdeseneste_kontrol_dato": "20-01-2016 00:00:00",
    "naestseneste_kontrol": "1",
    "naestseneste_kontrol_dato": "25-08-2017 00:00:00",
    "navn1": "Aktivitets- og Plejecentret Solbakken ",
    "navnelbnr": "41621",
    "pnr": "1003341019",
    "postnr": "7361",
    "region": null,
    "reklame_beskyttelse": "1",
    "seneste_kontrol": "1",
    "seneste_kontrol_dato": "02-05-2019 00:00:00",
    "tredjeseneste_kontrol": "1",
    "tredjeseneste_kontrol_dato": "16-02-2017 00:00:00",
    "virksomhedstype": "Detail"
  },
  "41764": {
    "By": "Brande",
    "Elite_Smiley": "0",
    "Geo_Lat": "55.941994",
    "Geo_Lng": "9.128976",
    "Kaedenavn": null,
    "Pixibranche": "Restauranter, pizzeriaer, kantiner m.m.",
    "URL": "http://www.findsmiley.dk/da-DK/Searching/DetailsView.htm?virk=41764",
    "adresse1": "Storegade 56",
    "branche": "Serveringsvirksomhed - Restauranter m.v.",
    "brancheKode": "DD.56.10.99",
    "cvrnr": "29349428",
    "fjerdeseneste_kontrol": "2",
    "fjerdeseneste_kontrol_dato": "06-03-2018 00:00:00",
    "naestseneste_kontrol": "1",
    "naestseneste_kontrol_dato": "15-05-2019 00:00:00",
    "navn1": "Big Bowl - Brande ",
    "navnelbnr": "41764",
    "pnr": "1014935718",
    "postnr": "7330",
    "region": null,
    "reklame_beskyttelse": "0",
    "seneste_kontrol": "1",
    "seneste_kontrol_dato": "09-10-2019 00:00:00",
    "tredjeseneste_kontrol": "1",
    "tredjeseneste_kontrol_dato": "28-03-2018 00:00:00",
    "virksomhedstype": "Detail"
  },
  "41863": {
    "By": "N\u00f8rre Snede",
    "Elite_Smiley": "1",
    "Geo_Lat": "55.966051",
    "Geo_Lng": "9.391366",
    "Kaedenavn": null,
    "Pixibranche": "Restauranter, pizzeriaer, kantiner m.m.",
    "URL": "http://www.findsmiley.dk/da-DK/Searching/DetailsView.htm?virk=41863",
    "adresse1": "Toftevej 1",
    "branche": "Serveringsvirksomhed - Restauranter m.v.",
    "brancheKode": "DD.56.10.99",
    "cvrnr": "15186208",
    "fjerdeseneste_kontrol": "1",
    "fjerdeseneste_kontrol_dato": "30-01-2015 00:00:00",
    "naestseneste_kontrol": "1",
    "naestseneste_kontrol_dato": "12-07-2017 00:00:00",
    "navn1": "Onkels Pizza 1 ",
    "navnelbnr": "41863",
    "pnr": "1003982030",
    "postnr": "8766",
    "region": null,
    "reklame_beskyttelse": "0",
    "seneste_kontrol": "1",
    "seneste_kontrol_dato": "24-06-2019 00:00:00",
    "tredjeseneste_kontrol": "1",
    "tredjeseneste_kontrol_dato": "26-05-2016 00:00:00",
    "virksomhedstype": "Detail"
  },
  "41870": {
    "By": "Ejstrupholm",
    "Elite_Smiley": "1",
    "Geo_Lat": "56.018888",
    "Geo_Lng": "9.260052",
    "Kaedenavn": null,
    "Pixibranche": "Restauranter, pizzeriaer, kantiner m.m.",
    "URL": "http://www.findsmiley.dk/da-DK/Searching/DetailsView.htm?virk=41870",
    "adresse1": "Dyringhavevej 1, Smedeb\u00e6k",
    "branche": "Serveringsvirksomhed - Restauranter m.v.",
    "brancheKode": "DD.56.10.99",
    "cvrnr": "15448792",
    "fjerdeseneste_kontrol": "1",
    "fjerdeseneste_kontrol_dato": "24-02-2012 00:00:00",
    "naestseneste_kontrol": "1",
    "naestseneste_kontrol_dato": "20-01-2016 00:00:00",
    "navn1": "Den Lille Lade V/Ragnhild J. Batterfeld",
    "navnelbnr": "41870",
    "pnr": "1000925377",
    "postnr": "7361",
    "region": null,
    "reklame_beskyttelse": "0",
    "seneste_kontrol": "1",
    "seneste_kontrol_dato": "13-03-2018 00:00:00",
    "tredjeseneste_kontrol": "1",
    "tredjeseneste_kontrol_dato": "23-01-2014 00:00:00",
    "virksomhedstype": "Detail"
  },
  "42181": {
    "By": "N\u00f8rre Snede",
    "Elite_Smiley": "1",
    "Geo_Lat": "55.962505",
    "Geo_Lng": "9.387342",
    "Kaedenavn": null,
    "Pixibranche": "Restauranter, pizzeriaer, kantiner m.m.",
    "URL": "http://www.findsmiley.dk/da-DK/Searching/DetailsView.htm?virk=42181",
    "adresse1": "Bavneh\u00f8j 19",
    "branche": "Serveringsvirksomhed - Restauranter m.v.",
    "brancheKode": "DD.56.10.99",
    "cvrnr": "29189617",
    "fjerdeseneste_kontrol": "1",
    "fjerdeseneste_kontrol_dato": "06-11-2012 00:00:00",
    "naestseneste_kontrol": "1",
    "naestseneste_kontrol_dato": "07-07-2016 00:00:00",
    "navn1": "Bavneh\u00f8jcentret, Aktivitetscentret ",
    "navnelbnr": "42181",
    "pnr": "1003340887",
    "postnr": "8766",
    "region": null,
    "reklame_beskyttelse": "1",
    "seneste_kontrol": "1",
    "seneste_kontrol_dato": "06-03-2018 00:00:00",
    "tredjeseneste_kontrol": "1",
    "tredjeseneste_kontrol_dato": "10-06-2014 00:00:00",
    "virksomhedstype": "Detail"
  },
  "505718": {
    "By": "Give",
    "Elite_Smiley": "1",
    "Geo_Lat": "55.904416",
    "Geo_Lng": "9.198683",
    "Kaedenavn": null,
    "Pixibranche": "Restauranter, pizzeriaer, kantiner m.m.",
    "URL": "http://www.findsmiley.dk/da-DK/Searching/DetailsView.htm?virk=505718",
    "adresse1": "Vejlevej 270, Thyregod/Brande",
    "branche": "Serveringsvirksomhed - Restauranter m.v.",
    "brancheKode": "DD.56.10.99",
    "cvrnr": "31491401",
    "fjerdeseneste_kontrol": "1",
    "fjerdeseneste_kontrol_dato": "10-02-2014 00:00:00",
    "naestseneste_kontrol": "1",
    "naestseneste_kontrol_dato": "05-04-2018 00:00:00",
    "navn1": "Welcon A/S kantine",
    "navnelbnr": "505718",
    "pnr": "1014501580",
    "postnr": "7323",
    "region": null,
    "reklame_beskyttelse": "0",
    "seneste_kontrol": "1",
    "seneste_kontrol_dato": "12-08-2020 00:00:00",
    "tredjeseneste_kontrol": "1",
    "tredjeseneste_kontrol_dato": "28-04-2016 00:00:00",
    "virksomhedstype": "Detail"
  },
  "532494": {
    "By": "N\u00f8rre Snede",
    "Elite_Smiley": "0",
    "Geo_Lat": "55.966051",
    "Geo_Lng": "9.391382",
    "Kaedenavn": null,
    "Pixibranche": "Restauranter, pizzeriaer, kantiner m.m.",
    "URL": "http://www.findsmiley.dk/da-DK/Searching/DetailsView.htm?virk=532494",
    "adresse1": "Toftevej 1",
    "branche": "Serveringsvirksomhed - Restauranter m.v.",
    "brancheKode": "DD.56.10.99",
    "cvrnr": "35340769",
    "fjerdeseneste_kontrol": "1",
    "fjerdeseneste_kontrol_dato": "02-05-2018 00:00:00",
    "naestseneste_kontrol": "2",
    "naestseneste_kontrol_dato": "22-07-2020 00:00:00",
    "navn1": "Steff\u00b4s Place v/ Marie Meyland ",
    "navnelbnr": "532494",
    "pnr": "1018812610",
    "postnr": "8766",
    "region": null,
    "reklame_beskyttelse": "0",
    "seneste_kontrol": "1",
    "seneste_kontrol_dato": "17-09-2020 00:00:00",
    "tredjeseneste_kontrol": "1",
    "tredjeseneste_kontrol_dato": "28-05-2019 00:00:00",
    "virksomhedstype": "Detail"
  },
  "540612": {
    "By": "Brande",
    "Elite_Smiley": "1",
    "Geo_Lat": "55.942903",
    "Geo_Lng": "9.127602",
    "Kaedenavn": null,
    "Pixibranche": "Restauranter, pizzeriaer, kantiner m.m.",
    "URL": "http://www.findsmiley.dk/da-DK/Searching/DetailsView.htm?virk=540612",
    "adresse1": "Storegade 40",
    "branche": "Serveringsvirksomhed - Restauranter m.v.",
    "brancheKode": "DD.56.10.99",
    "cvrnr": "35525971",
    "fjerdeseneste_kontrol": "1",
    "fjerdeseneste_kontrol_dato": "21-02-2018 00:00:00",
    "naestseneste_kontrol": "1",
    "naestseneste_kontrol_dato": "03-06-2020 00:00:00",
    "navn1": "Cafe Tankefryd ApS ",
    "navnelbnr": "540612",
    "pnr": "1018875469",
    "postnr": "7330",
    "region": null,
    "reklame_beskyttelse": "0",
    "seneste_kontrol": "1",
    "seneste_kontrol_dato": "09-02-2021 00:00:00",
    "tredjeseneste_kontrol": "1",
    "tredjeseneste_kontrol_dato": "17-12-2018 00:00:00",
    "virksomhedstype": "Detail"
  },
  "553016": {
    "By": "Hampen",
    "Elite_Smiley": "0",
    "Geo_Lat": "56.062175",
    "Geo_Lng": "9.379315",
    "Kaedenavn": null,
    "Pixibranche": "Restauranter, pizzeriaer, kantiner m.m.",
    "URL": "http://www.findsmiley.dk/da-DK/Searching/DetailsView.htm?virk=553016",
    "adresse1": "Vejlevej 7",
    "branche": "Serveringsvirksomhed - Restauranter m.v.",
    "brancheKode": "DD.56.10.99",
    "cvrnr": "36155450",
    "fjerdeseneste_kontrol": "1",
    "fjerdeseneste_kontrol_dato": "09-12-2019 00:00:00",
    "naestseneste_kontrol": "1",
    "naestseneste_kontrol_dato": "19-10-2020 00:00:00",
    "navn1": "Huong Grilbar - Pit Stop ",
    "navnelbnr": "553016",
    "pnr": "1019775743",
    "postnr": "7362",
    "region": null,
    "reklame_beskyttelse": "0",
    "seneste_kontrol": "1",
    "seneste_kontrol_dato": "18-12-2020 00:00:00",
    "tredjeseneste_kontrol": "2",
    "tredjeseneste_kontrol_dato": "26-08-2020 00:00:00",
    "virksomhedstype": "Detail"
  },
  "573578": {
    "By": "Hampen",
    "Elite_Smiley": "0",
    "Geo_Lat": "56.015984",
    "Geo_Lng": "9.354608",
    "Kaedenavn": null,
    "Pixibranche": "Restauranter, pizzeriaer, kantiner m.m.",
    "URL": "http://www.findsmiley.dk/da-DK/Searching/DetailsView.htm?virk=573578",
    "adresse1": "Kirkebakken 8",
    "branche": "Serveringsvirksomhed - Restauranter m.v.",
    "brancheKode": "DD.56.10.99",
    "cvrnr": "33898010",
    "fjerdeseneste_kontrol": "2",
    "fjerdeseneste_kontrol_dato": "02-07-2018 00:00:00",
    "naestseneste_kontrol": "1",
    "naestseneste_kontrol_dato": "19-12-2019 00:00:00",
    "navn1": "Hampen Multihal`s cafeteria ",
    "navnelbnr": "573578",
    "pnr": "1017166537",
    "postnr": "7362",
    "region": null,
    "reklame_beskyttelse": "0",
    "seneste_kontrol": "1",
    "seneste_kontrol_dato": "03-12-2020 00:00:00",
    "tredjeseneste_kontrol": "1",
    "tredjeseneste_kontrol_dato": "03-09-2018 00:00:00",
    "virksomhedstype": "Detail"
  },
  "634656": {
    "By": "Brande",
    "Elite_Smiley": "1",
    "Geo_Lat": "55.950804",
    "Geo_Lng": "9.141415",
    "Kaedenavn": null,
    "Pixibranche": "Restauranter, pizzeriaer, kantiner m.m.",
    "URL": "http://www.findsmiley.dk/da-DK/Searching/DetailsView.htm?virk=634656",
    "adresse1": "Fredskovvej 5",
    "branche": "Serveringsvirksomhed - Restauranter m.v.",
    "brancheKode": "DD.56.10.99",
    "cvrnr": "44139812",
    "fjerdeseneste_kontrol": "1",
    "fjerdeseneste_kontrol_dato": "08-06-2017 00:00:00",
    "naestseneste_kontrol": "1",
    "naestseneste_kontrol_dato": "11-06-2019 00:00:00",
    "navn1": "Compass Group DK A/S 1438 hos Bestseller Brande",
    "navnelbnr": "634656",
    "pnr": "1020979735",
    "postnr": "7330",
    "region": null,
    "reklame_beskyttelse": "0",
    "seneste_kontrol": "1",
    "seneste_kontrol_dato": "02-10-2019 00:00:00",
    "tredjeseneste_kontrol": "1",
    "tredjeseneste_kontrol_dato": "27-02-2018 00:00:00",
    "virksomhedstype": "Detail"
  },
  "634960": {
    "By": "Give",
    "Elite_Smiley": "1",
    "Geo_Lat": "55.909257",
    "Geo_Lng": "9.257943",
    "Kaedenavn": null,
    "Pixibranche": "Restauranter, pizzeriaer, kantiner m.m.",
    "URL": "http://www.findsmiley.dk/da-DK/Searching/DetailsView.htm?virk=634960",
    "adresse1": "borgergade 13",
    "branche": "Serveringsvirksomhed - Restauranter m.v.",
    "brancheKode": "DD.56.10.99",
    "cvrnr": "32110894",
    "fjerdeseneste_kontrol": "1",
    "fjerdeseneste_kontrol_dato": "07-12-2016 00:00:00",
    "naestseneste_kontrol": "1",
    "naestseneste_kontrol_dato": "28-08-2018 00:00:00",
    "navn1": "Mama's Pizza og Kebab House ",
    "navnelbnr": "634960",
    "pnr": "1021132655",
    "postnr": "7323",
    "region": null,
    "reklame_beskyttelse": "0",
    "seneste_kontrol": "1",
    "seneste_kontrol_dato": "07-10-2020 00:00:00",
    "tredjeseneste_kontrol": "1",
    "tredjeseneste_kontrol_dato": "01-11-2017 00:00:00",
    "virksomhedstype": "Detail"
  },
  "646225": {
    "By": "Brande",
    "Elite_Smiley": "1",
    "Geo_Lat": "55.943109",
    "Geo_Lng": "9.128227",
    "Kaedenavn": null,
    "Pixibranche": "Restauranter, pizzeriaer, kantiner m.m.",
    "URL": "http://www.findsmiley.dk/da-DK/Searching/DetailsView.htm?virk=646225",
    "adresse1": "Torvet 2A",
    "branche": "Serveringsvirksomhed - Restauranter m.v.",
    "brancheKode": "DD.56.10.99",
    "cvrnr": "29859892",
    "fjerdeseneste_kontrol": "1",
    "fjerdeseneste_kontrol_dato": "12-09-2018 00:00:00",
    "naestseneste_kontrol": "1",
    "naestseneste_kontrol_dato": "10-05-2019 00:00:00",
    "navn1": "Isbaren/Avisk\u00f8rsel  ",
    "navnelbnr": "646225",
    "pnr": "1011259657",
    "postnr": "7330",
    "region": null,
    "reklame_beskyttelse": "0",
    "seneste_kontrol": "1",
    "seneste_kontrol_dato": "28-11-2019 00:00:00",
    "tredjeseneste_kontrol": "1",
    "tredjeseneste_kontrol_dato": "30-11-2018 00:00:00",
    "virksomhedstype": "Detail"
  },
  "663751": {
    "By": "Brande",
    "Elite_Smiley": "0",
    "Geo_Lat": "55.942928",
    "Geo_Lng": "9.129763",
    "Kaedenavn": null,
    "Pixibranche": "Restauranter, pizzeriaer, kantiner m.m.",
    "URL": "http://www.findsmiley.dk/da-DK/Searching/DetailsView.htm?virk=663751",
    "adresse1": "Torvegade 16",
    "branche": "Serveringsvirksomhed - Restauranter m.v.",
    "brancheKode": "DD.56.10.99",
    "cvrnr": "37984027",
    "fjerdeseneste_kontrol": "2",
    "fjerdeseneste_kontrol_dato": "20-09-2019 00:00:00",
    "naestseneste_kontrol": "4",
    "naestseneste_kontrol_dato": "13-10-2020 00:00:00",
    "navn1": "Mamma Mia Pizza Kebabhouse  ",
    "navnelbnr": "663751",
    "pnr": "1021746904",
    "postnr": "7330",
    "region": null,
    "reklame_beskyttelse": "0",
    "seneste_kontrol": "1",
    "seneste_kontrol_dato": "10-11-2020 00:00:00",
    "tredjeseneste_kontrol": "1",
    "tredjeseneste_kontrol_dato": "19-11-2019 00:00:00",
    "virksomhedstype": "Detail"
  },
  "665883": {
    "By": "Hampen",
    "Elite_Smiley": "1",
    "Geo_Lat": "56.030678",
    "Geo_Lng": "9.37761",
    "Kaedenavn": null,
    "Pixibranche": "Restauranter, pizzeriaer, kantiner m.m.",
    "URL": "http://www.findsmiley.dk/da-DK/Searching/DetailsView.htm?virk=665883",
    "adresse1": "Langebjergvej 1",
    "branche": "Serveringsvirksomhed - Restauranter m.v.",
    "brancheKode": "DD.56.10.99",
    "cvrnr": "37943967",
    "fjerdeseneste_kontrol": "1",
    "fjerdeseneste_kontrol_dato": "06-10-2016 00:00:00",
    "naestseneste_kontrol": "1",
    "naestseneste_kontrol_dato": "23-05-2018 00:00:00",
    "navn1": "Cafeteriakroen ",
    "navnelbnr": "665883",
    "pnr": "1021683090",
    "postnr": "7362",
    "region": null,
    "reklame_beskyttelse": "0",
    "seneste_kontrol": "1",
    "seneste_kontrol_dato": "01-05-2019 00:00:00",
    "tredjeseneste_kontrol": "1",
    "tredjeseneste_kontrol_dato": "19-01-2017 00:00:00",
    "virksomhedstype": "Detail"
  },
  "71248": {
    "By": "Give",
    "Elite_Smiley": "1",
    "Geo_Lat": "55.905701",
    "Geo_Lng": "9.261166",
    "Kaedenavn": null,
    "Pixibranche": "Restauranter, pizzeriaer, kantiner m.m.",
    "URL": "http://www.findsmiley.dk/da-DK/Searching/DetailsView.htm?virk=71248",
    "adresse1": "S\u00f8ndergade 27  E",
    "branche": "Serveringsvirksomhed - Restauranter m.v.",
    "brancheKode": "DD.56.10.99",
    "cvrnr": "17810871",
    "fjerdeseneste_kontrol": "1",
    "fjerdeseneste_kontrol_dato": "29-06-2015 00:00:00",
    "naestseneste_kontrol": "1",
    "naestseneste_kontrol_dato": "04-07-2016 00:00:00",
    "navn1": "Thyregod  Fritidscenters Cafeteria ",
    "navnelbnr": "71248",
    "pnr": "1001364616",
    "postnr": "7323",
    "region": null,
    "reklame_beskyttelse": "0",
    "seneste_kontrol": "1",
    "seneste_kontrol_dato": "03-04-2018 00:00:00",
    "tredjeseneste_kontrol": "1",
    "tredjeseneste_kontrol_dato": "09-12-2015 00:00:00",
    "virksomhedstype": "Detail"
  },
  "715818": {
    "By": "Ejstrupholm",
    "Elite_Smiley": "1",
    "Geo_Lat": "55.981718",
    "Geo_Lng": "9.299436",
    "Kaedenavn": "Statoil",
    "Pixibranche": "Restauranter, pizzeriaer, kantiner m.m.",
    "URL": "http://www.findsmiley.dk/da-DK/Searching/DetailsView.htm?virk=715818",
    "adresse1": "\u00d8stergade 66",
    "branche": "Serveringsvirksomhed - Restauranter m.v.",
    "brancheKode": "DD.56.10.99",
    "cvrnr": "28142412",
    "fjerdeseneste_kontrol": "1",
    "fjerdeseneste_kontrol_dato": "03-11-2017 00:00:00",
    "naestseneste_kontrol": "1",
    "naestseneste_kontrol_dato": "09-10-2020 00:00:00",
    "navn1": "CIRCLE K EJSTRUPHOLM ",
    "navnelbnr": "715818",
    "pnr": "1022803405",
    "postnr": "7361",
    "region": null,
    "reklame_beskyttelse": "0",
    "seneste_kontrol": "1",
    "seneste_kontrol_dato": "13-11-2020 00:00:00",
    "tredjeseneste_kontrol": "1",
    "tredjeseneste_kontrol_dato": "15-01-2019 00:00:00",
    "virksomhedstype": "Detail"
  },
  "736124": {
    "By": "Brande",
    "Elite_Smiley": "0",
    "Geo_Lat": "55.943415",
    "Geo_Lng": "9.127587",
    "Kaedenavn": null,
    "Pixibranche": "Restauranter, pizzeriaer, kantiner m.m.",
    "URL": "http://www.findsmiley.dk/da-DK/Searching/DetailsView.htm?virk=736124",
    "adresse1": "Jernbanegade 1, st",
    "branche": "Serveringsvirksomhed - Restauranter m.v.",
    "brancheKode": "DD.56.10.99",
    "cvrnr": "38954709",
    "fjerdeseneste_kontrol": "2",
    "fjerdeseneste_kontrol_dato": "09-11-2018 00:00:00",
    "naestseneste_kontrol": "1",
    "naestseneste_kontrol_dato": "10-05-2019 00:00:00",
    "navn1": "Noa Cafe & Restaurant IVS ",
    "navnelbnr": "736124",
    "pnr": "1022863866",
    "postnr": "7330",
    "region": null,
    "reklame_beskyttelse": "0",
    "seneste_kontrol": "1",
    "seneste_kontrol_dato": "02-10-2019 00:00:00",
    "tredjeseneste_kontrol": "1",
    "tredjeseneste_kontrol_dato": "26-11-2018 00:00:00",
    "virksomhedstype": "Detail"
  },
  "74325": {
    "By": "Give",
    "Elite_Smiley": "1",
    "Geo_Lat": "55.924404",
    "Geo_Lng": "9.287056",
    "Kaedenavn": null,
    "Pixibranche": "Restauranter, pizzeriaer, kantiner m.m.",
    "URL": "http://www.findsmiley.dk/da-DK/Searching/DetailsView.htm?virk=74325",
    "adresse1": "\u00c5lb\u00e6kvej 20, Vesterlund",
    "branche": "Serveringsvirksomhed - Restauranter m.v.",
    "brancheKode": "DD.56.10.99",
    "cvrnr": "19215288",
    "fjerdeseneste_kontrol": "1",
    "fjerdeseneste_kontrol_dato": "27-11-2014 00:00:00",
    "naestseneste_kontrol": "1",
    "naestseneste_kontrol_dato": "08-12-2016 00:00:00",
    "navn1": "Restaurant \u00c5lb\u00e6kken ",
    "navnelbnr": "74325",
    "pnr": "1014896003",
    "postnr": "7323",
    "region": null,
    "reklame_beskyttelse": "0",
    "seneste_kontrol": "1",
    "seneste_kontrol_dato": "24-08-2018 00:00:00",
    "tredjeseneste_kontrol": "1",
    "tredjeseneste_kontrol_dato": "09-12-2015 00:00:00",
    "virksomhedstype": "Detail"
  },
  "748910": {
    "By": "N\u00f8rre Snede",
    "Elite_Smiley": "1",
    "Geo_Lat": "55.967067",
    "Geo_Lng": "9.388268",
    "Kaedenavn": null,
    "Pixibranche": "Restauranter, pizzeriaer, kantiner m.m.",
    "URL": "http://www.findsmiley.dk/da-DK/Searching/DetailsView.htm?virk=748910",
    "adresse1": "Bellisvej 2",
    "branche": "Serveringsvirksomhed - Restauranter m.v.",
    "brancheKode": "DD.56.10.99",
    "cvrnr": "39073021",
    "fjerdeseneste_kontrol": "1",
    "fjerdeseneste_kontrol_dato": "10-06-2014 00:00:00",
    "naestseneste_kontrol": "1",
    "naestseneste_kontrol_dato": "24-05-2017 00:00:00",
    "navn1": "F\u00e6lleskantinen i Ikast-Brande IVS, N\u00f8rre Snede ",
    "navnelbnr": "748910",
    "pnr": "1023596179",
    "postnr": "8766",
    "region": null,
    "reklame_beskyttelse": "0",
    "seneste_kontrol": "1",
    "seneste_kontrol_dato": "30-05-2018 00:00:00",
    "tredjeseneste_kontrol": "1",
    "tredjeseneste_kontrol_dato": "07-07-2016 00:00:00",
    "virksomhedstype": "Detail"
  },
  "771246": {
    "By": "Brande",
    "Elite_Smiley": "1",
    "Geo_Lat": "55.943189",
    "Geo_Lng": "9.129012",
    "Kaedenavn": null,
    "Pixibranche": "Restauranter, pizzeriaer, kantiner m.m.",
    "URL": "http://www.findsmiley.dk/da-DK/Searching/DetailsView.htm?virk=771246",
    "adresse1": "Torvegade 3, 1",
    "branche": "Serveringsvirksomhed - Restauranter m.v.",
    "brancheKode": "DD.56.10.99",
    "cvrnr": "38290355",
    "fjerdeseneste_kontrol": "1",
    "fjerdeseneste_kontrol_dato": "17-03-2016 00:00:00",
    "naestseneste_kontrol": "1",
    "naestseneste_kontrol_dato": "12-12-2018 00:00:00",
    "navn1": "California pizza ",
    "navnelbnr": "771246",
    "pnr": "1022045721",
    "postnr": "7330",
    "region": null,
    "reklame_beskyttelse": "0",
    "seneste_kontrol": "1",
    "seneste_kontrol_dato": "22-09-2020 00:00:00",
    "tredjeseneste_kontrol": "1",
    "tredjeseneste_kontrol_dato": "05-10-2017 00:00:00",
    "virksomhedstype": "Detail"
  },
  "903456": {
    "By": "N\u00f8rre Snede",
    "Elite_Smiley": "0",
    "Geo_Lat": "55.935798",
    "Geo_Lng": "9.42631",
    "Kaedenavn": null,
    "Pixibranche": "Restauranter, pizzeriaer, kantiner m.m.",
    "URL": "http://www.findsmiley.dk/da-DK/Searching/DetailsView.htm?virk=903456",
    "adresse1": "Nortvigvej 9",
    "branche": "Serveringsvirksomhed - Restauranter m.v.",
    "brancheKode": "DD.56.10.99",
    "cvrnr": "38317229",
    "fjerdeseneste_kontrol": null,
    "fjerdeseneste_kontrol_dato": null,
    "naestseneste_kontrol": null,
    "naestseneste_kontrol_dato": null,
    "navn1": "L\u00f8nborgg\u00e5rd ",
    "navnelbnr": "903456",
    "pnr": "1022086983",
    "postnr": "8766",
    "region": null,
    "reklame_beskyttelse": "0",
    "seneste_kontrol": "1",
    "seneste_kontrol_dato": "17-06-2019 00:00:00",
    "tredjeseneste_kontrol": null,
    "tredjeseneste_kontrol_dato": null,
    "virksomhedstype": "Detail"
  },
  "906377": {
    "By": "N\u00f8rre Snede",
    "Elite_Smiley": "1",
    "Geo_Lat": "55.961247",
    "Geo_Lng": "9.396075",
    "Kaedenavn": null,
    "Pixibranche": "Restauranter, pizzeriaer, kantiner m.m.",
    "URL": "http://www.findsmiley.dk/da-DK/Searching/DetailsView.htm?virk=906377",
    "adresse1": "Skolegade 16B",
    "branche": "Serveringsvirksomhed - Restauranter m.v.",
    "brancheKode": "DD.56.10.99",
    "cvrnr": "15975083",
    "fjerdeseneste_kontrol": "1",
    "fjerdeseneste_kontrol_dato": "05-11-2015 00:00:00",
    "naestseneste_kontrol": "1",
    "naestseneste_kontrol_dato": "03-10-2017 00:00:00",
    "navn1": "Nr.snede hallen ",
    "navnelbnr": "906377",
    "pnr": "1001011235",
    "postnr": "8766",
    "region": null,
    "reklame_beskyttelse": "0",
    "seneste_kontrol": "1",
    "seneste_kontrol_dato": "20-11-2019 00:00:00",
    "tredjeseneste_kontrol": "1",
    "tredjeseneste_kontrol_dato": "06-03-2017 00:00:00",
    "virksomhedstype": "Detail"
  },
  "910482": {
    "By": "Brande",
    "Elite_Smiley": "0",
    "Geo_Lat": "55.945356",
    "Geo_Lng": "9.127626",
    "Kaedenavn": null,
    "Pixibranche": "Restauranter, pizzeriaer, kantiner m.m.",
    "URL": "http://www.findsmiley.dk/da-DK/Searching/DetailsView.htm?virk=910482",
    "adresse1": "Kirkegade 2B",
    "branche": "Serveringsvirksomhed - Restauranter m.v.",
    "brancheKode": "DD.56.10.99",
    "cvrnr": "40564764",
    "fjerdeseneste_kontrol": null,
    "fjerdeseneste_kontrol_dato": null,
    "naestseneste_kontrol": "1",
    "naestseneste_kontrol_dato": "09-10-2019 00:00:00",
    "navn1": "Kebab House Brande ",
    "navnelbnr": "910482",
    "pnr": "1024760401",
    "postnr": "7330",
    "region": null,
    "reklame_beskyttelse": "0",
    "seneste_kontrol": "1",
    "seneste_kontrol_dato": "22-09-2020 00:00:00",
    "tredjeseneste_kontrol": "2",
    "tredjeseneste_kontrol_dato": "15-08-2019 00:00:00",
    "virksomhedstype": "Detail"
  },
  "913479": {
    "By": "Brande",
    "Elite_Smiley": "0",
    "Geo_Lat": "55.927871",
    "Geo_Lng": "9.1586",
    "Kaedenavn": "Burger King",
    "Pixibranche": "Restauranter, pizzeriaer, kantiner m.m.",
    "URL": "http://www.findsmiley.dk/da-DK/Searching/DetailsView.htm?virk=913479",
    "adresse1": "Sj\u00e6llandsvej 4",
    "branche": "Serveringsvirksomhed - Restauranter m.v.",
    "brancheKode": "DD.56.10.99",
    "cvrnr": "34879699",
    "fjerdeseneste_kontrol": null,
    "fjerdeseneste_kontrol_dato": null,
    "naestseneste_kontrol": "1",
    "naestseneste_kontrol_dato": "19-11-2019 00:00:00",
    "navn1": "Burger King Brande ",
    "navnelbnr": "913479",
    "pnr": "1024806983",
    "postnr": "7330",
    "region": null,
    "reklame_beskyttelse": "0",
    "seneste_kontrol": "1",
    "seneste_kontrol_dato": "27-02-2020 00:00:00",
    "tredjeseneste_kontrol": null,
    "tredjeseneste_kontrol_dato": null,
    "virksomhedstype": "Detail"
  },
  "927324": {
    "By": "Brande",
    "Elite_Smiley": "0",
    "Geo_Lat": "55.944908",
    "Geo_Lng": "9.126488",
    "Kaedenavn": null,
    "Pixibranche": "Restauranter, pizzeriaer, kantiner m.m.",
    "URL": "http://www.findsmiley.dk/da-DK/Searching/DetailsView.htm?virk=927324",
    "adresse1": "N I M\u00f8llers Plads 2",
    "branche": "Serveringsvirksomhed - Restauranter m.v.",
    "brancheKode": "DD.56.10.99",
    "cvrnr": "39153432",
    "fjerdeseneste_kontrol": "2",
    "fjerdeseneste_kontrol_dato": "05-02-2020 00:00:00",
    "naestseneste_kontrol": "1",
    "naestseneste_kontrol_dato": "16-09-2020 00:00:00",
    "navn1": "Drop in grill ",
    "navnelbnr": "927324",
    "pnr": "1025322351",
    "postnr": "7330",
    "region": null,
    "reklame_beskyttelse": "0",
    "seneste_kontrol": "1",
    "seneste_kontrol_dato": "30-09-2020 00:00:00",
    "tredjeseneste_kontrol": "1",
    "tredjeseneste_kontrol_dato": "30-04-2020 00:00:00",
    "virksomhedstype": "Detail"
  },
  "947368": {
    "By": "Ejstrupholm",
    "Elite_Smiley": "0",
    "Geo_Lat": "55.989995",
    "Geo_Lng": "9.267152",
    "Kaedenavn": null,
    "Pixibranche": "Restauranter, pizzeriaer, kantiner m.m.",
    "URL": "http://www.findsmiley.dk/da-DK/Searching/DetailsView.htm?virk=947368",
    "adresse1": "Ikastvej 7",
    "branche": "Serveringsvirksomhed - Restauranter m.v.",
    "brancheKode": "DD.56.10.99",
    "cvrnr": "40694382",
    "fjerdeseneste_kontrol": null,
    "fjerdeseneste_kontrol_dato": null,
    "naestseneste_kontrol": "1",
    "naestseneste_kontrol_dato": "28-07-2020 00:00:00",
    "navn1": "Ejstrupholm Flyveplads Caf\u00e8 Flyverskjul",
    "navnelbnr": "947368",
    "pnr": "1024916444",
    "postnr": "7361",
    "region": null,
    "reklame_beskyttelse": "0",
    "seneste_kontrol": "1",
    "seneste_kontrol_dato": "18-11-2020 00:00:00",
    "tredjeseneste_kontrol": null,
    "tredjeseneste_kontrol_dato": null,
    "virksomhedstype": "Detail"
  },
  "957778": {
    "By": "Brande",
    "Elite_Smiley": "0",
    "Geo_Lat": "55.944172",
    "Geo_Lng": "9.125989",
    "Kaedenavn": null,
    "Pixibranche": "Restauranter, pizzeriaer, kantiner m.m.",
    "URL": "http://www.findsmiley.dk/da-DK/Searching/DetailsView.htm?virk=957778",
    "adresse1": "Storegade 18, st",
    "branche": "Serveringsvirksomhed - Restauranter m.v.",
    "brancheKode": "DD.56.10.99",
    "cvrnr": "30934598",
    "fjerdeseneste_kontrol": null,
    "fjerdeseneste_kontrol_dato": null,
    "naestseneste_kontrol": "2",
    "naestseneste_kontrol_dato": "17-11-2020 00:00:00",
    "navn1": "Royal pizza og grill ",
    "navnelbnr": "957778",
    "pnr": "1026269616",
    "postnr": "7330",
    "region": null,
    "reklame_beskyttelse": "0",
    "seneste_kontrol": "1",
    "seneste_kontrol_dato": "11-02-2021 00:00:00",
    "tredjeseneste_kontrol": "1",
    "tredjeseneste_kontrol_dato": "23-10-2020 00:00:00",
    "virksomhedstype": "Detail"
  }
}