{
  "21765": {
    "By": "Hadsund",
    "Elite_Smiley": "1",
    "Geo_Lat": "56.756178",
    "Geo_Lng": "10.292488",
    "Kaedenavn": null,
    "Pixibranche": "Restauranter, pizzeriaer, kantiner m.m.",
    "URL": "http://www.findsmiley.dk/da-DK/Searching/DetailsView.htm?virk=21765",
    "adresse1": "Kirkevej 11",
    "branche": "Serveringsvirksomhed - Restauranter m.v.",
    "brancheKode": "DD.56.10.99",
    "cvrnr": "29189455",
    "fjerdeseneste_kontrol": "1",
    "fjerdeseneste_kontrol_dato": "18-02-2015 00:00:00",
    "naestseneste_kontrol": "1",
    "naestseneste_kontrol_dato": "18-01-2018 00:00:00",
    "navn1": "Dagcenteret Teglg\u00e5rden ",
    "navnelbnr": "21765",
    "pnr": "1014172781",
    "postnr": "9560",
    "region": null,
    "reklame_beskyttelse": "0",
    "seneste_kontrol": "1",
    "seneste_kontrol_dato": "19-03-2019 00:00:00",
    "tredjeseneste_kontrol": "1",
    "tredjeseneste_kontrol_dato": "02-03-2016 00:00:00",
    "virksomhedstype": "Detail"
  },
  "21845": {
    "By": "Hadsund",
    "Elite_Smiley": "1",
    "Geo_Lat": "56.806396",
    "Geo_Lng": "10.273055",
    "Kaedenavn": null,
    "Pixibranche": "Restauranter, pizzeriaer, kantiner m.m.",
    "URL": "http://www.findsmiley.dk/da-DK/Searching/DetailsView.htm?virk=21845",
    "adresse1": "Havblik 4",
    "branche": "Serveringsvirksomhed - Restauranter m.v.",
    "brancheKode": "DD.56.10.99",
    "cvrnr": "14480803",
    "fjerdeseneste_kontrol": "1",
    "fjerdeseneste_kontrol_dato": "12-02-2013 00:00:00",
    "naestseneste_kontrol": "1",
    "naestseneste_kontrol_dato": "03-10-2017 00:00:00",
    "navn1": "Vandland og Feriecenter \u00d8ster Hurup v/Rudolph von Platten-Ha",
    "navnelbnr": "21845",
    "pnr": "1016126094",
    "postnr": "9560",
    "region": null,
    "reklame_beskyttelse": "0",
    "seneste_kontrol": "1",
    "seneste_kontrol_dato": "27-06-2019 00:00:00",
    "tredjeseneste_kontrol": "1",
    "tredjeseneste_kontrol_dato": "16-07-2015 00:00:00",
    "virksomhedstype": "Detail"
  },
  "22350": {
    "By": "Hadsund",
    "Elite_Smiley": "1",
    "Geo_Lat": "56.774691",
    "Geo_Lng": "10.176889",
    "Kaedenavn": null,
    "Pixibranche": "Restauranter, pizzeriaer, kantiner m.m.",
    "URL": "http://www.findsmiley.dk/da-DK/Searching/DetailsView.htm?virk=22350",
    "adresse1": "Veddum Hovedgade 40, Veddum",
    "branche": "Serveringsvirksomhed - Restauranter m.v.",
    "brancheKode": "DD.56.10.99",
    "cvrnr": "81455716",
    "fjerdeseneste_kontrol": "1",
    "fjerdeseneste_kontrol_dato": "04-12-2014 00:00:00",
    "naestseneste_kontrol": "1",
    "naestseneste_kontrol_dato": "27-09-2018 00:00:00",
    "navn1": "Veddum Idr\u00e6tsforening ",
    "navnelbnr": "22350",
    "pnr": "1002622646",
    "postnr": "9560",
    "region": null,
    "reklame_beskyttelse": "0",
    "seneste_kontrol": "1",
    "seneste_kontrol_dato": "11-11-2019 00:00:00",
    "tredjeseneste_kontrol": "1",
    "tredjeseneste_kontrol_dato": "02-11-2016 00:00:00",
    "virksomhedstype": "Detail"
  },
  "22808": {
    "By": "Aalborg",
    "Elite_Smiley": "1",
    "Geo_Lat": "56.760737",
    "Geo_Lng": "10.193906",
    "Kaedenavn": null,
    "Pixibranche": "Restauranter, pizzeriaer, kantiner m.m.",
    "URL": "http://www.findsmiley.dk/da-DK/Searching/DetailsView.htm?virk=22808",
    "adresse1": "Gammeltorv",
    "branche": "Serveringsvirksomhed - Restauranter m.v.",
    "brancheKode": "DD.56.10.99",
    "cvrnr": "27799213",
    "fjerdeseneste_kontrol": "1",
    "fjerdeseneste_kontrol_dato": "09-12-2014 00:00:00",
    "naestseneste_kontrol": "1",
    "naestseneste_kontrol_dato": "14-12-2017 00:00:00",
    "navn1": "Julehytte p\u00e5 Gammeltorv P\u00f8lsebod og krydderier",
    "navnelbnr": "22808",
    "pnr": "1010700139",
    "postnr": "9000",
    "region": null,
    "reklame_beskyttelse": "0",
    "seneste_kontrol": "1",
    "seneste_kontrol_dato": "15-11-2019 00:00:00",
    "tredjeseneste_kontrol": "1",
    "tredjeseneste_kontrol_dato": "24-11-2015 00:00:00",
    "virksomhedstype": "Detail"
  },
  "23892": {
    "By": "Hadsund",
    "Elite_Smiley": "1",
    "Geo_Lat": "56.755682",
    "Geo_Lng": "10.284031",
    "Kaedenavn": null,
    "Pixibranche": "Restauranter, pizzeriaer, kantiner m.m.",
    "URL": "http://www.findsmiley.dk/da-DK/Searching/DetailsView.htm?virk=23892",
    "adresse1": "Vikingvej 10",
    "branche": "Serveringsvirksomhed - Restauranter m.v.",
    "brancheKode": "DD.56.10.99",
    "cvrnr": "11304419",
    "fjerdeseneste_kontrol": "1",
    "fjerdeseneste_kontrol_dato": "02-12-2014 00:00:00",
    "naestseneste_kontrol": "1",
    "naestseneste_kontrol_dato": "01-10-2018 00:00:00",
    "navn1": "Boldklubben Viking ",
    "navnelbnr": "23892",
    "pnr": "1000214843",
    "postnr": "9560",
    "region": null,
    "reklame_beskyttelse": "0",
    "seneste_kontrol": "1",
    "seneste_kontrol_dato": "16-10-2019 00:00:00",
    "tredjeseneste_kontrol": "1",
    "tredjeseneste_kontrol_dato": "16-09-2016 00:00:00",
    "virksomhedstype": "Detail"
  },
  "23996": {
    "By": "Hadsund",
    "Elite_Smiley": "1",
    "Geo_Lat": "56.805249",
    "Geo_Lng": "10.270183",
    "Kaedenavn": null,
    "Pixibranche": "Restauranter, pizzeriaer, kantiner m.m.",
    "URL": "http://www.findsmiley.dk/da-DK/Searching/DetailsView.htm?virk=23996",
    "adresse1": "Langerimsvej 7-9",
    "branche": "Serveringsvirksomhed - Restauranter m.v.",
    "brancheKode": "DD.56.10.99",
    "cvrnr": "10354676",
    "fjerdeseneste_kontrol": "1",
    "fjerdeseneste_kontrol_dato": "05-04-2016 00:00:00",
    "naestseneste_kontrol": "1",
    "naestseneste_kontrol_dato": "28-03-2019 00:00:00",
    "navn1": "Multihus \u00d8ster Hurup ",
    "navnelbnr": "23996",
    "pnr": "1000062680",
    "postnr": "9560",
    "region": null,
    "reklame_beskyttelse": "0",
    "seneste_kontrol": "1",
    "seneste_kontrol_dato": "03-03-2020 00:00:00",
    "tredjeseneste_kontrol": "1",
    "tredjeseneste_kontrol_dato": "03-10-2017 00:00:00",
    "virksomhedstype": "Detail"
  },
  "24119": {
    "By": "Hadsund",
    "Elite_Smiley": "1",
    "Geo_Lat": "56.80524",
    "Geo_Lng": "10.271001",
    "Kaedenavn": null,
    "Pixibranche": "Restauranter, pizzeriaer, kantiner m.m.",
    "URL": "http://www.findsmiley.dk/da-DK/Searching/DetailsView.htm?virk=24119",
    "adresse1": "Kystvejen 32",
    "branche": "Serveringsvirksomhed - Restauranter m.v.",
    "brancheKode": "DD.56.10.99",
    "cvrnr": "25264592",
    "fjerdeseneste_kontrol": "1",
    "fjerdeseneste_kontrol_dato": "04-07-2013 00:00:00",
    "naestseneste_kontrol": "1",
    "naestseneste_kontrol_dato": "12-07-2016 00:00:00",
    "navn1": "Sam's Pizza og Kebab house v/Osama Nazmi Shamma",
    "navnelbnr": "24119",
    "pnr": "1007484298",
    "postnr": "9560",
    "region": null,
    "reklame_beskyttelse": "0",
    "seneste_kontrol": "1",
    "seneste_kontrol_dato": "05-07-2018 00:00:00",
    "tredjeseneste_kontrol": "1",
    "tredjeseneste_kontrol_dato": "10-07-2014 00:00:00",
    "virksomhedstype": "Detail"
  },
  "564197": {
    "By": "Hadsund",
    "Elite_Smiley": "1",
    "Geo_Lat": "56.804831",
    "Geo_Lng": "10.281109",
    "Kaedenavn": null,
    "Pixibranche": "Restauranter, pizzeriaer, kantiner m.m.",
    "URL": "http://www.findsmiley.dk/da-DK/Searching/DetailsView.htm?virk=564197",
    "adresse1": "Havnen 42",
    "branche": "Serveringsvirksomhed - Restauranter m.v.",
    "brancheKode": "DD.56.10.99",
    "cvrnr": "44716658",
    "fjerdeseneste_kontrol": "1",
    "fjerdeseneste_kontrol_dato": "20-06-2017 00:00:00",
    "naestseneste_kontrol": "1",
    "naestseneste_kontrol_dato": "09-07-2019 00:00:00",
    "navn1": "Havnegrillen  ",
    "navnelbnr": "564197",
    "pnr": "1008209096",
    "postnr": "9560",
    "region": null,
    "reklame_beskyttelse": "0",
    "seneste_kontrol": "1",
    "seneste_kontrol_dato": "02-07-2020 00:00:00",
    "tredjeseneste_kontrol": "1",
    "tredjeseneste_kontrol_dato": "05-07-2018 00:00:00",
    "virksomhedstype": "Detail"
  },
  "700628": {
    "By": "Hadsund",
    "Elite_Smiley": "1",
    "Geo_Lat": "56.754084",
    "Geo_Lng": "10.290846",
    "Kaedenavn": null,
    "Pixibranche": "Restauranter, pizzeriaer, kantiner m.m.",
    "URL": "http://www.findsmiley.dk/da-DK/Searching/DetailsView.htm?virk=700628",
    "adresse1": "Helberskovvej 2",
    "branche": "Serveringsvirksomhed - Restauranter m.v.",
    "brancheKode": "DD.56.10.99",
    "cvrnr": "31535832",
    "fjerdeseneste_kontrol": "1",
    "fjerdeseneste_kontrol_dato": "13-10-2016 00:00:00",
    "naestseneste_kontrol": "1",
    "naestseneste_kontrol_dato": "22-11-2017 00:00:00",
    "navn1": "Bella Rosa Pizzeria ",
    "navnelbnr": "700628",
    "pnr": "1022126314",
    "postnr": "9560",
    "region": null,
    "reklame_beskyttelse": "0",
    "seneste_kontrol": "1",
    "seneste_kontrol_dato": "18-07-2019 00:00:00",
    "tredjeseneste_kontrol": "1",
    "tredjeseneste_kontrol_dato": "11-04-2017 00:00:00",
    "virksomhedstype": "Detail"
  },
  "706729": {
    "By": "Hadsund",
    "Elite_Smiley": "1",
    "Geo_Lat": "56.805096",
    "Geo_Lng": "10.28156",
    "Kaedenavn": null,
    "Pixibranche": "Restauranter, pizzeriaer, kantiner m.m.",
    "URL": "http://www.findsmiley.dk/da-DK/Searching/DetailsView.htm?virk=706729",
    "adresse1": "Havnen 43",
    "branche": "Serveringsvirksomhed - Restauranter m.v.",
    "brancheKode": "DD.56.10.99",
    "cvrnr": "44716658",
    "fjerdeseneste_kontrol": "1",
    "fjerdeseneste_kontrol_dato": "27-07-2016 00:00:00",
    "naestseneste_kontrol": "1",
    "naestseneste_kontrol_dato": "05-07-2018 00:00:00",
    "navn1": "Havnens Fisk ",
    "navnelbnr": "706729",
    "pnr": "1008209096",
    "postnr": "9560",
    "region": null,
    "reklame_beskyttelse": "0",
    "seneste_kontrol": "1",
    "seneste_kontrol_dato": "27-06-2019 00:00:00",
    "tredjeseneste_kontrol": "1",
    "tredjeseneste_kontrol_dato": "30-05-2017 00:00:00",
    "virksomhedstype": "Detail"
  },
  "709616": {
    "By": "Hadsund",
    "Elite_Smiley": "1",
    "Geo_Lat": "56.782322",
    "Geo_Lng": "10.21127",
    "Kaedenavn": null,
    "Pixibranche": "Restauranter, pizzeriaer, kantiner m.m.",
    "URL": "http://www.findsmiley.dk/da-DK/Searching/DetailsView.htm?virk=709616",
    "adresse1": "K\u00e6rvej 55",
    "branche": "Serveringsvirksomhed - Restauranter m.v.",
    "brancheKode": "DD.56.10.99",
    "cvrnr": "27799213",
    "fjerdeseneste_kontrol": "1",
    "fjerdeseneste_kontrol_dato": "25-06-2014 00:00:00",
    "naestseneste_kontrol": "1",
    "naestseneste_kontrol_dato": "08-06-2017 00:00:00",
    "navn1": "Pandekagevognen VB 96004",
    "navnelbnr": "709616",
    "pnr": "1010700139",
    "postnr": "9560",
    "region": null,
    "reklame_beskyttelse": "0",
    "seneste_kontrol": "1",
    "seneste_kontrol_dato": "29-06-2018 00:00:00",
    "tredjeseneste_kontrol": "1",
    "tredjeseneste_kontrol_dato": "14-10-2015 00:00:00",
    "virksomhedstype": "Detail"
  },
  "713635": {
    "By": "Hadsund",
    "Elite_Smiley": "0",
    "Geo_Lat": "56.803244",
    "Geo_Lng": "10.271179",
    "Kaedenavn": null,
    "Pixibranche": "Restauranter, pizzeriaer, kantiner m.m.",
    "URL": "http://www.findsmiley.dk/da-DK/Searching/DetailsView.htm?virk=713635",
    "adresse1": "Kystvejen 40C",
    "branche": "Serveringsvirksomhed - Restauranter m.v.",
    "brancheKode": "DD.56.10.99",
    "cvrnr": "37373591",
    "fjerdeseneste_kontrol": "1",
    "fjerdeseneste_kontrol_dato": "11-10-2017 00:00:00",
    "naestseneste_kontrol": "1",
    "naestseneste_kontrol_dato": "19-07-2018 00:00:00",
    "navn1": "Pizza & Burger Town ",
    "navnelbnr": "713635",
    "pnr": "1022368628",
    "postnr": "9560",
    "region": null,
    "reklame_beskyttelse": "0",
    "seneste_kontrol": "1",
    "seneste_kontrol_dato": "09-07-2019 00:00:00",
    "tredjeseneste_kontrol": "2",
    "tredjeseneste_kontrol_dato": "05-07-2018 00:00:00",
    "virksomhedstype": "Detail"
  },
  "719754": {
    "By": "Hadsund",
    "Elite_Smiley": "1",
    "Geo_Lat": "56.755201",
    "Geo_Lng": "10.28969",
    "Kaedenavn": null,
    "Pixibranche": "Restauranter, pizzeriaer, kantiner m.m.",
    "URL": "http://www.findsmiley.dk/da-DK/Searching/DetailsView.htm?virk=719754",
    "adresse1": "\u00d8ster Hurupvej 1",
    "branche": "Serveringsvirksomhed - Restauranter m.v.",
    "brancheKode": "DD.56.10.99",
    "cvrnr": "39030330",
    "fjerdeseneste_kontrol": "1",
    "fjerdeseneste_kontrol_dato": "30-05-2017 00:00:00",
    "naestseneste_kontrol": "1",
    "naestseneste_kontrol_dato": "18-07-2019 00:00:00",
    "navn1": "Als kro og badehotel ",
    "navnelbnr": "719754",
    "pnr": "1022960446",
    "postnr": "9560",
    "region": null,
    "reklame_beskyttelse": "0",
    "seneste_kontrol": "1",
    "seneste_kontrol_dato": "02-07-2020 00:00:00",
    "tredjeseneste_kontrol": "1",
    "tredjeseneste_kontrol_dato": "17-11-2017 00:00:00",
    "virksomhedstype": "Detail"
  },
  "757657": {
    "By": "Hadsund",
    "Elite_Smiley": "0",
    "Geo_Lat": "56.802642",
    "Geo_Lng": "10.27206",
    "Kaedenavn": null,
    "Pixibranche": "Restauranter, pizzeriaer, kantiner m.m.",
    "URL": "http://www.findsmiley.dk/da-DK/Searching/DetailsView.htm?virk=757657",
    "adresse1": "Kystvejen 63",
    "branche": "Serveringsvirksomhed - Restauranter m.v.",
    "brancheKode": "DD.56.10.99",
    "cvrnr": "39690764",
    "fjerdeseneste_kontrol": null,
    "fjerdeseneste_kontrol_dato": null,
    "naestseneste_kontrol": "1",
    "naestseneste_kontrol_dato": "18-07-2018 00:00:00",
    "navn1": "Madlyst ApS ",
    "navnelbnr": "757657",
    "pnr": "1023755706",
    "postnr": "9560",
    "region": null,
    "reklame_beskyttelse": "0",
    "seneste_kontrol": "1",
    "seneste_kontrol_dato": "09-07-2019 00:00:00",
    "tredjeseneste_kontrol": null,
    "tredjeseneste_kontrol_dato": null,
    "virksomhedstype": "Detail"
  },
  "761599": {
    "By": "Hadsund",
    "Elite_Smiley": "1",
    "Geo_Lat": "56.803185",
    "Geo_Lng": "10.271636",
    "Kaedenavn": null,
    "Pixibranche": "Restauranter, pizzeriaer, kantiner m.m.",
    "URL": "http://www.findsmiley.dk/da-DK/Searching/DetailsView.htm?virk=761599",
    "adresse1": "Kystvejen 57",
    "branche": "Serveringsvirksomhed - Restauranter m.v.",
    "brancheKode": "DD.56.10.99",
    "cvrnr": "31277426",
    "fjerdeseneste_kontrol": "1",
    "fjerdeseneste_kontrol_dato": "12-07-2016 00:00:00",
    "naestseneste_kontrol": "1",
    "naestseneste_kontrol_dato": "24-08-2018 00:00:00",
    "navn1": "Sizzlers Steak House ApS ",
    "navnelbnr": "761599",
    "pnr": "1017928275",
    "postnr": "9560",
    "region": null,
    "reklame_beskyttelse": "0",
    "seneste_kontrol": "1",
    "seneste_kontrol_dato": "27-06-2019 00:00:00",
    "tredjeseneste_kontrol": "1",
    "tredjeseneste_kontrol_dato": "22-05-2018 00:00:00",
    "virksomhedstype": "Detail"
  },
  "793794": {
    "By": "Hadsund",
    "Elite_Smiley": "0",
    "Geo_Lat": "56.791683",
    "Geo_Lng": "10.273604",
    "Kaedenavn": null,
    "Pixibranche": "Restauranter, pizzeriaer, kantiner m.m.",
    "URL": "http://www.findsmiley.dk/da-DK/Searching/DetailsView.htm?virk=793794",
    "adresse1": "Fruerlundvej 1",
    "branche": "Serveringsvirksomhed - Restauranter m.v.",
    "brancheKode": "DD.56.10.99",
    "cvrnr": "40179976",
    "fjerdeseneste_kontrol": null,
    "fjerdeseneste_kontrol_dato": null,
    "naestseneste_kontrol": "1",
    "naestseneste_kontrol_dato": "15-02-2019 00:00:00",
    "navn1": "\u00d8ster Hurup Bowlingcenter ApS ",
    "navnelbnr": "793794",
    "pnr": "1024315483",
    "postnr": "9560",
    "region": null,
    "reklame_beskyttelse": "0",
    "seneste_kontrol": "1",
    "seneste_kontrol_dato": "09-07-2019 00:00:00",
    "tredjeseneste_kontrol": null,
    "tredjeseneste_kontrol_dato": null,
    "virksomhedstype": "Detail"
  },
  "803435": {
    "By": "Hadsund",
    "Elite_Smiley": "0",
    "Geo_Lat": "56.804827",
    "Geo_Lng": "10.281551",
    "Kaedenavn": null,
    "Pixibranche": "Restauranter, pizzeriaer, kantiner m.m.",
    "URL": "http://www.findsmiley.dk/da-DK/Searching/DetailsView.htm?virk=803435",
    "adresse1": "Havnen 44",
    "branche": "Serveringsvirksomhed - Restauranter m.v.",
    "brancheKode": "DD.56.10.99",
    "cvrnr": "21128686",
    "fjerdeseneste_kontrol": "1",
    "fjerdeseneste_kontrol_dato": "09-08-2017 00:00:00",
    "naestseneste_kontrol": "2",
    "naestseneste_kontrol_dato": "15-07-2019 00:00:00",
    "navn1": "Restaurant neptun ",
    "navnelbnr": "803435",
    "pnr": "1021518308",
    "postnr": "9560",
    "region": null,
    "reklame_beskyttelse": "0",
    "seneste_kontrol": "1",
    "seneste_kontrol_dato": "06-08-2019 00:00:00",
    "tredjeseneste_kontrol": "1",
    "tredjeseneste_kontrol_dato": "10-05-2019 00:00:00",
    "virksomhedstype": "Detail"
  },
  "803573": {
    "By": "Hadsund",
    "Elite_Smiley": "0",
    "Geo_Lat": "56.803217",
    "Geo_Lng": "10.271211",
    "Kaedenavn": null,
    "Pixibranche": "Restauranter, pizzeriaer, kantiner m.m.",
    "URL": "http://www.findsmiley.dk/da-DK/Searching/DetailsView.htm?virk=803573",
    "adresse1": "Kystvejen 40F",
    "branche": "Serveringsvirksomhed - Restauranter m.v.",
    "brancheKode": "DD.56.10.99",
    "cvrnr": "40424741",
    "fjerdeseneste_kontrol": null,
    "fjerdeseneste_kontrol_dato": null,
    "naestseneste_kontrol": null,
    "naestseneste_kontrol_dato": null,
    "navn1": "cafe liva ivs ",
    "navnelbnr": "803573",
    "pnr": "1024594617",
    "postnr": "9560",
    "region": null,
    "reklame_beskyttelse": "0",
    "seneste_kontrol": "1",
    "seneste_kontrol_dato": "10-05-2019 00:00:00",
    "tredjeseneste_kontrol": null,
    "tredjeseneste_kontrol_dato": null,
    "virksomhedstype": "Detail"
  },
  "807425": {
    "By": "Hadsund",
    "Elite_Smiley": "0",
    "Geo_Lat": "56.708918",
    "Geo_Lng": "10.319879",
    "Kaedenavn": null,
    "Pixibranche": "Restauranter, pizzeriaer, kantiner m.m.",
    "URL": "http://www.findsmiley.dk/da-DK/Searching/DetailsView.htm?virk=807425",
    "adresse1": "Als Oddevej 82",
    "branche": "Serveringsvirksomhed - Restauranter m.v.",
    "brancheKode": "DD.56.10.99",
    "cvrnr": "14081682",
    "fjerdeseneste_kontrol": null,
    "fjerdeseneste_kontrol_dato": null,
    "naestseneste_kontrol": null,
    "naestseneste_kontrol_dato": null,
    "navn1": "J\u00e6gerhuset ",
    "navnelbnr": "807425",
    "pnr": "1004474723",
    "postnr": "9560",
    "region": null,
    "reklame_beskyttelse": "0",
    "seneste_kontrol": "1",
    "seneste_kontrol_dato": "13-06-2019 00:00:00",
    "tredjeseneste_kontrol": null,
    "tredjeseneste_kontrol_dato": null,
    "virksomhedstype": "Detail"
  },
  "904725": {
    "By": "Hadsund",
    "Elite_Smiley": "0",
    "Geo_Lat": "56.70566",
    "Geo_Lng": "10.328047",
    "Kaedenavn": null,
    "Pixibranche": "Restauranter, pizzeriaer, kantiner m.m.",
    "URL": "http://www.findsmiley.dk/da-DK/Searching/DetailsView.htm?virk=904725",
    "adresse1": "Als Oddevej 98",
    "branche": "Serveringsvirksomhed - Restauranter m.v.",
    "brancheKode": "DD.56.10.99",
    "cvrnr": "39145022",
    "fjerdeseneste_kontrol": null,
    "fjerdeseneste_kontrol_dato": null,
    "naestseneste_kontrol": "1",
    "naestseneste_kontrol_dato": "21-06-2019 00:00:00",
    "navn1": "Cafe Odden ",
    "navnelbnr": "904725",
    "pnr": "1023100661",
    "postnr": "9560",
    "region": null,
    "reklame_beskyttelse": "0",
    "seneste_kontrol": "1",
    "seneste_kontrol_dato": "26-06-2020 00:00:00",
    "tredjeseneste_kontrol": "1",
    "tredjeseneste_kontrol_dato": "17-08-2018 00:00:00",
    "virksomhedstype": "Detail"
  },
  "924096": {
    "By": "Hadsund",
    "Elite_Smiley": "1",
    "Geo_Lat": "56.804398",
    "Geo_Lng": "10.275215",
    "Kaedenavn": null,
    "Pixibranche": "Restauranter, pizzeriaer, kantiner m.m.",
    "URL": "http://www.findsmiley.dk/da-DK/Searching/DetailsView.htm?virk=924096",
    "adresse1": "Havnen 4",
    "branche": "Serveringsvirksomhed - Restauranter m.v.",
    "brancheKode": "DD.56.10.99",
    "cvrnr": "27995535",
    "fjerdeseneste_kontrol": "1",
    "fjerdeseneste_kontrol_dato": "19-10-2017 00:00:00",
    "naestseneste_kontrol": "1",
    "naestseneste_kontrol_dato": "09-04-2019 00:00:00",
    "navn1": "Restaurant Vildmose ",
    "navnelbnr": "924096",
    "pnr": "1023431390",
    "postnr": "9560",
    "region": null,
    "reklame_beskyttelse": "0",
    "seneste_kontrol": "1",
    "seneste_kontrol_dato": "13-12-2019 00:00:00",
    "tredjeseneste_kontrol": "1",
    "tredjeseneste_kontrol_dato": "05-07-2018 00:00:00",
    "virksomhedstype": "Detail"
  },
  "926950": {
    "By": "Hadsund",
    "Elite_Smiley": "0",
    "Geo_Lat": "56.804669",
    "Geo_Lng": "10.271473",
    "Kaedenavn": null,
    "Pixibranche": "Restauranter, pizzeriaer, kantiner m.m.",
    "URL": "http://www.findsmiley.dk/da-DK/Searching/DetailsView.htm?virk=926950",
    "adresse1": "Kystvejen 43",
    "branche": "Serveringsvirksomhed - Restauranter m.v.",
    "brancheKode": "DD.56.10.99",
    "cvrnr": "35305882",
    "fjerdeseneste_kontrol": null,
    "fjerdeseneste_kontrol_dato": null,
    "naestseneste_kontrol": "1",
    "naestseneste_kontrol_dato": "02-04-2019 00:00:00",
    "navn1": "Oceana Pizza og Grill ",
    "navnelbnr": "926950",
    "pnr": "1025155307",
    "postnr": "9560",
    "region": null,
    "reklame_beskyttelse": "0",
    "seneste_kontrol": "1",
    "seneste_kontrol_dato": "27-05-2020 00:00:00",
    "tredjeseneste_kontrol": null,
    "tredjeseneste_kontrol_dato": null,
    "virksomhedstype": "Detail"
  },
  "943959": {
    "By": "Hadsund",
    "Elite_Smiley": "1",
    "Geo_Lat": "56.803637",
    "Geo_Lng": "10.271357",
    "Kaedenavn": null,
    "Pixibranche": "Restauranter, pizzeriaer, kantiner m.m.",
    "URL": "http://www.findsmiley.dk/da-DK/Searching/DetailsView.htm?virk=943959",
    "adresse1": "Kystvejen 53",
    "branche": "Serveringsvirksomhed - Restauranter m.v.",
    "brancheKode": "DD.56.10.99",
    "cvrnr": "16008001",
    "fjerdeseneste_kontrol": "1",
    "fjerdeseneste_kontrol_dato": "13-07-2017 00:00:00",
    "naestseneste_kontrol": "1",
    "naestseneste_kontrol_dato": "27-06-2019 00:00:00",
    "navn1": "Hos Lenettes ",
    "navnelbnr": "943959",
    "pnr": "1025863905",
    "postnr": "9560",
    "region": null,
    "reklame_beskyttelse": "0",
    "seneste_kontrol": "1",
    "seneste_kontrol_dato": "09-06-2020 00:00:00",
    "tredjeseneste_kontrol": "1",
    "tredjeseneste_kontrol_dato": "05-07-2018 00:00:00",
    "virksomhedstype": "Detail"
  },
  "947168": {
    "By": "Hadsund",
    "Elite_Smiley": "0",
    "Geo_Lat": "56.804982",
    "Geo_Lng": "10.271664",
    "Kaedenavn": null,
    "Pixibranche": "Restauranter, pizzeriaer, kantiner m.m.",
    "URL": "http://www.findsmiley.dk/da-DK/Searching/DetailsView.htm?virk=947168",
    "adresse1": "Havnepladsen 1A, 1",
    "branche": "Serveringsvirksomhed - Restauranter m.v.",
    "brancheKode": "DD.56.10.99",
    "cvrnr": "27436498",
    "fjerdeseneste_kontrol": null,
    "fjerdeseneste_kontrol_dato": null,
    "naestseneste_kontrol": null,
    "naestseneste_kontrol_dato": null,
    "navn1": "Kaffe Restaurant Konge\u00f8rnen ",
    "navnelbnr": "947168",
    "pnr": "1025930629",
    "postnr": "9560",
    "region": null,
    "reklame_beskyttelse": "0",
    "seneste_kontrol": "1",
    "seneste_kontrol_dato": "02-07-2020 00:00:00",
    "tredjeseneste_kontrol": null,
    "tredjeseneste_kontrol_dato": null,
    "virksomhedstype": "Detail"
  },
  "947987": {
    "By": "Hadsund",
    "Elite_Smiley": "0",
    "Geo_Lat": "56.803017",
    "Geo_Lng": "10.271368",
    "Kaedenavn": null,
    "Pixibranche": "Restauranter, pizzeriaer, kantiner m.m.",
    "URL": "http://www.findsmiley.dk/da-DK/Searching/DetailsView.htm?virk=947987",
    "adresse1": "Thaliavej 1",
    "branche": "Serveringsvirksomhed - Restauranter m.v.",
    "brancheKode": "DD.56.10.99",
    "cvrnr": "19839370",
    "fjerdeseneste_kontrol": null,
    "fjerdeseneste_kontrol_dato": null,
    "naestseneste_kontrol": null,
    "naestseneste_kontrol_dato": null,
    "navn1": "Overfor ",
    "navnelbnr": "947987",
    "pnr": "1026038061",
    "postnr": "9560",
    "region": null,
    "reklame_beskyttelse": "0",
    "seneste_kontrol": "1",
    "seneste_kontrol_dato": "17-07-2020 00:00:00",
    "tredjeseneste_kontrol": null,
    "tredjeseneste_kontrol_dato": null,
    "virksomhedstype": "Detail"
  },
  "950050": {
    "By": "Hadsund",
    "Elite_Smiley": "0",
    "Geo_Lat": "56.803307",
    "Geo_Lng": "10.271132",
    "Kaedenavn": null,
    "Pixibranche": "Restauranter, pizzeriaer, kantiner m.m.",
    "URL": "http://www.findsmiley.dk/da-DK/Searching/DetailsView.htm?virk=950050",
    "adresse1": "Kystvejen 40A",
    "branche": "Serveringsvirksomhed - Restauranter m.v.",
    "brancheKode": "DD.56.10.99",
    "cvrnr": "41454164",
    "fjerdeseneste_kontrol": null,
    "fjerdeseneste_kontrol_dato": null,
    "naestseneste_kontrol": null,
    "naestseneste_kontrol_dato": null,
    "navn1": "Rustik ",
    "navnelbnr": "950050",
    "pnr": null,
    "postnr": "9560",
    "region": null,
    "reklame_beskyttelse": "0",
    "seneste_kontrol": "1",
    "seneste_kontrol_dato": "29-07-2020 00:00:00",
    "tredjeseneste_kontrol": null,
    "tredjeseneste_kontrol_dato": null,
    "virksomhedstype": "Detail"
  },
  "955017": {
    "By": "Hadsund",
    "Elite_Smiley": "0",
    "Geo_Lat": "56.782088",
    "Geo_Lng": "10.191671",
    "Kaedenavn": null,
    "Pixibranche": "Restauranter, pizzeriaer, kantiner m.m.",
    "URL": "http://www.findsmiley.dk/da-DK/Searching/DetailsView.htm?virk=955017",
    "adresse1": "R\u00f8nholtvej 46",
    "branche": "Serveringsvirksomhed - Restauranter m.v.",
    "brancheKode": "DD.56.10.99",
    "cvrnr": "36665602",
    "fjerdeseneste_kontrol": null,
    "fjerdeseneste_kontrol_dato": null,
    "naestseneste_kontrol": null,
    "naestseneste_kontrol_dato": null,
    "navn1": "Veddum Tr\u00e6pillesalg I/S ",
    "navnelbnr": "955017",
    "pnr": "1020491449",
    "postnr": "9560",
    "region": null,
    "reklame_beskyttelse": "0",
    "seneste_kontrol": "1",
    "seneste_kontrol_dato": "21-10-2020 00:00:00",
    "tredjeseneste_kontrol": null,
    "tredjeseneste_kontrol_dato": null,
    "virksomhedstype": "Detail"
  }
}