{
  "121409": {
    "By": "L\u00f8gst\u00f8r",
    "Elite_Smiley": "1",
    "Geo_Lat": "56.961405",
    "Geo_Lng": "9.248459",
    "Kaedenavn": null,
    "Pixibranche": "Restauranter, pizzeriaer, kantiner m.m.",
    "URL": "http://www.findsmiley.dk/da-DK/Searching/DetailsView.htm?virk=121409",
    "adresse1": "Granlyvej 11",
    "branche": "Serveringsvirksomhed - Restauranter m.v.",
    "brancheKode": "DD.56.10.99",
    "cvrnr": "29189471",
    "fjerdeseneste_kontrol": "1",
    "fjerdeseneste_kontrol_dato": "03-06-2015 00:00:00",
    "naestseneste_kontrol": "1",
    "naestseneste_kontrol_dato": "30-10-2017 00:00:00",
    "navn1": "Limfjordsskolen Storek\u00f8kken",
    "navnelbnr": "121409",
    "pnr": "1003374680",
    "postnr": "9670",
    "region": null,
    "reklame_beskyttelse": "0",
    "seneste_kontrol": "1",
    "seneste_kontrol_dato": "06-11-2018 00:00:00",
    "tredjeseneste_kontrol": "1",
    "tredjeseneste_kontrol_dato": "26-08-2016 00:00:00",
    "virksomhedstype": "Detail"
  },
  "20130": {
    "By": "Aars",
    "Elite_Smiley": "1",
    "Geo_Lat": "56.786447",
    "Geo_Lng": "9.488418",
    "Kaedenavn": null,
    "Pixibranche": "Restauranter, pizzeriaer, kantiner m.m.",
    "URL": "http://www.findsmiley.dk/da-DK/Searching/DetailsView.htm?virk=20130",
    "adresse1": "Aars Ringvej 39 9",
    "branche": "Serveringsvirksomhed - Restauranter m.v.",
    "brancheKode": "DD.56.10.99",
    "cvrnr": "18695685",
    "fjerdeseneste_kontrol": "1",
    "fjerdeseneste_kontrol_dato": "11-11-2016 00:00:00",
    "naestseneste_kontrol": "1",
    "naestseneste_kontrol_dato": "12-12-2018 00:00:00",
    "navn1": "Frk. Jensen v/Birgitte Jensen",
    "navnelbnr": "20130",
    "pnr": "1003528342",
    "postnr": "9600",
    "region": null,
    "reklame_beskyttelse": "0",
    "seneste_kontrol": "1",
    "seneste_kontrol_dato": "29-06-2020 00:00:00",
    "tredjeseneste_kontrol": "1",
    "tredjeseneste_kontrol_dato": "11-10-2017 00:00:00",
    "virksomhedstype": "Detail"
  },
  "20141": {
    "By": "Ranum",
    "Elite_Smiley": "1",
    "Geo_Lat": "56.892594",
    "Geo_Lng": "9.171413",
    "Kaedenavn": null,
    "Pixibranche": "Restauranter, pizzeriaer, kantiner m.m.",
    "URL": "http://www.findsmiley.dk/da-DK/Searching/DetailsView.htm?virk=20141",
    "adresse1": "Liv\u00f8vej 80",
    "branche": "Serveringsvirksomhed - Restauranter m.v.",
    "brancheKode": "DD.56.10.99",
    "cvrnr": "35952411",
    "fjerdeseneste_kontrol": "1",
    "fjerdeseneste_kontrol_dato": "18-08-2017 00:00:00",
    "naestseneste_kontrol": "1",
    "naestseneste_kontrol_dato": "18-10-2018 00:00:00",
    "navn1": "R\u00f8nbjerg Attraktioner og Services A/S - K\u00f8bmand ",
    "navnelbnr": "20141",
    "pnr": "1004346488",
    "postnr": "9681",
    "region": null,
    "reklame_beskyttelse": "0",
    "seneste_kontrol": "1",
    "seneste_kontrol_dato": "04-02-2019 00:00:00",
    "tredjeseneste_kontrol": "1",
    "tredjeseneste_kontrol_dato": "28-05-2018 00:00:00",
    "virksomhedstype": "Detail"
  },
  "20484": {
    "By": "Ranum",
    "Elite_Smiley": "0",
    "Geo_Lat": "56.898278",
    "Geo_Lng": "9.228701",
    "Kaedenavn": null,
    "Pixibranche": "Restauranter, pizzeriaer, kantiner m.m.",
    "URL": "http://www.findsmiley.dk/da-DK/Searching/DetailsView.htm?virk=20484",
    "adresse1": "Vestergade 28",
    "branche": "Serveringsvirksomhed - Restauranter m.v.",
    "brancheKode": "DD.56.10.99",
    "cvrnr": "21994294",
    "fjerdeseneste_kontrol": "2",
    "fjerdeseneste_kontrol_dato": "29-11-2018 00:00:00",
    "naestseneste_kontrol": "1",
    "naestseneste_kontrol_dato": "13-06-2019 00:00:00",
    "navn1": "La Mancha Pizzaria ",
    "navnelbnr": "20484",
    "pnr": "1012456111",
    "postnr": "9681",
    "region": null,
    "reklame_beskyttelse": "0",
    "seneste_kontrol": "1",
    "seneste_kontrol_dato": "02-09-2019 00:00:00",
    "tredjeseneste_kontrol": "1",
    "tredjeseneste_kontrol_dato": "24-01-2019 00:00:00",
    "virksomhedstype": "Detail"
  },
  "20990": {
    "By": "Ranum",
    "Elite_Smiley": "1",
    "Geo_Lat": "56.892594",
    "Geo_Lng": "9.171413",
    "Kaedenavn": null,
    "Pixibranche": "Restauranter, pizzeriaer, kantiner m.m.",
    "URL": "http://www.findsmiley.dk/da-DK/Searching/DetailsView.htm?virk=20990",
    "adresse1": "Liv\u00f8vej 80",
    "branche": "Serveringsvirksomhed - Restauranter m.v.",
    "brancheKode": "DD.56.10.99",
    "cvrnr": "35952411",
    "fjerdeseneste_kontrol": "1",
    "fjerdeseneste_kontrol_dato": "28-05-2018 00:00:00",
    "naestseneste_kontrol": "1",
    "naestseneste_kontrol_dato": "19-07-2019 00:00:00",
    "navn1": "R\u00f8nbjerg Attraktioner og Services A/S - Badelands Cafe ",
    "navnelbnr": "20990",
    "pnr": "1004346488",
    "postnr": "9681",
    "region": null,
    "reklame_beskyttelse": "0",
    "seneste_kontrol": "1",
    "seneste_kontrol_dato": "17-01-2020 00:00:00",
    "tredjeseneste_kontrol": "1",
    "tredjeseneste_kontrol_dato": "04-02-2019 00:00:00",
    "virksomhedstype": "Detail"
  },
  "21224": {
    "By": "Ranum",
    "Elite_Smiley": "1",
    "Geo_Lat": "56.915766",
    "Geo_Lng": "9.188059",
    "Kaedenavn": null,
    "Pixibranche": "Restauranter, pizzeriaer, kantiner m.m.",
    "URL": "http://www.findsmiley.dk/da-DK/Searching/DetailsView.htm?virk=21224",
    "adresse1": "Fjordlystvej 21",
    "branche": "Serveringsvirksomhed - Restauranter m.v.",
    "brancheKode": "DD.56.10.99",
    "cvrnr": "30718801",
    "fjerdeseneste_kontrol": "1",
    "fjerdeseneste_kontrol_dato": "07-08-2013 00:00:00",
    "naestseneste_kontrol": "1",
    "naestseneste_kontrol_dato": "14-07-2017 00:00:00",
    "navn1": "Glenholm Ving\u00e5rd Aps Caf\u00e9 og Butik",
    "navnelbnr": "21224",
    "pnr": "1013458614",
    "postnr": "9681",
    "region": null,
    "reklame_beskyttelse": "0",
    "seneste_kontrol": "1",
    "seneste_kontrol_dato": "05-09-2019 00:00:00",
    "tredjeseneste_kontrol": "1",
    "tredjeseneste_kontrol_dato": "18-09-2015 00:00:00",
    "virksomhedstype": "Detail"
  },
  "21264": {
    "By": "L\u00f8gst\u00f8r",
    "Elite_Smiley": "1",
    "Geo_Lat": "56.962984",
    "Geo_Lng": "9.266971",
    "Kaedenavn": null,
    "Pixibranche": "Restauranter, pizzeriaer, kantiner m.m.",
    "URL": "http://www.findsmiley.dk/da-DK/Searching/DetailsView.htm?virk=21264",
    "adresse1": "Danmarksvej 9",
    "branche": "Serveringsvirksomhed - Restauranter m.v.",
    "brancheKode": "DD.56.10.99",
    "cvrnr": "15134739",
    "fjerdeseneste_kontrol": "1",
    "fjerdeseneste_kontrol_dato": "22-04-2015 00:00:00",
    "naestseneste_kontrol": "1",
    "naestseneste_kontrol_dato": "31-03-2017 00:00:00",
    "navn1": "Jeld-Wen Danmark A/S ",
    "navnelbnr": "21264",
    "pnr": "1000866842",
    "postnr": "9670",
    "region": null,
    "reklame_beskyttelse": "0",
    "seneste_kontrol": "1",
    "seneste_kontrol_dato": "05-03-2019 00:00:00",
    "tredjeseneste_kontrol": "1",
    "tredjeseneste_kontrol_dato": "12-01-2016 00:00:00",
    "virksomhedstype": "Detail"
  },
  "21635": {
    "By": "Aars",
    "Elite_Smiley": "1",
    "Geo_Lat": "56.846881",
    "Geo_Lng": "9.467728",
    "Kaedenavn": null,
    "Pixibranche": "Restauranter, pizzeriaer, kantiner m.m.",
    "URL": "http://www.findsmiley.dk/da-DK/Searching/DetailsView.htm?virk=21635",
    "adresse1": "Aggersundvej 103",
    "branche": "Serveringsvirksomhed - Restauranter m.v.",
    "brancheKode": "DD.56.10.99",
    "cvrnr": "24233936",
    "fjerdeseneste_kontrol": "1",
    "fjerdeseneste_kontrol_dato": "02-05-2018 00:00:00",
    "naestseneste_kontrol": "1",
    "naestseneste_kontrol_dato": "11-02-2019 00:00:00",
    "navn1": "Grill Cafe\u00e9n v/Trison APS",
    "navnelbnr": "21635",
    "pnr": "1011697921",
    "postnr": "9600",
    "region": null,
    "reklame_beskyttelse": "0",
    "seneste_kontrol": "1",
    "seneste_kontrol_dato": "29-08-2019 00:00:00",
    "tredjeseneste_kontrol": "1",
    "tredjeseneste_kontrol_dato": "02-11-2018 00:00:00",
    "virksomhedstype": "Detail"
  },
  "22048": {
    "By": "Ranum",
    "Elite_Smiley": "0",
    "Geo_Lat": "56.892594",
    "Geo_Lng": "9.171413",
    "Kaedenavn": null,
    "Pixibranche": "Restauranter, pizzeriaer, kantiner m.m.",
    "URL": "http://www.findsmiley.dk/da-DK/Searching/DetailsView.htm?virk=22048",
    "adresse1": "Liv\u00f8vej 80",
    "branche": "Serveringsvirksomhed - Restauranter m.v.",
    "brancheKode": "DD.56.10.99",
    "cvrnr": "35952411",
    "fjerdeseneste_kontrol": "1",
    "fjerdeseneste_kontrol_dato": "04-02-2019 00:00:00",
    "naestseneste_kontrol": "1",
    "naestseneste_kontrol_dato": "19-07-2019 00:00:00",
    "navn1": "R\u00f8nbjerg Attraktioner og Service A/S - Restaurant ",
    "navnelbnr": "22048",
    "pnr": "1004346488",
    "postnr": "9681",
    "region": null,
    "reklame_beskyttelse": "0",
    "seneste_kontrol": "1",
    "seneste_kontrol_dato": "03-12-2020 00:00:00",
    "tredjeseneste_kontrol": "2",
    "tredjeseneste_kontrol_dato": "29-05-2019 00:00:00",
    "virksomhedstype": "Detail"
  },
  "22384": {
    "By": "Fars\u00f8",
    "Elite_Smiley": "1",
    "Geo_Lat": "56.812226",
    "Geo_Lng": "9.183167",
    "Kaedenavn": null,
    "Pixibranche": "Restauranter, pizzeriaer, kantiner m.m.",
    "URL": "http://www.findsmiley.dk/da-DK/Searching/DetailsView.htm?virk=22384",
    "adresse1": "Erteb\u00f8llevej 42",
    "branche": "Serveringsvirksomhed - Restauranter m.v.",
    "brancheKode": "DD.56.10.99",
    "cvrnr": "29111618",
    "fjerdeseneste_kontrol": "1",
    "fjerdeseneste_kontrol_dato": "05-07-2016 00:00:00",
    "naestseneste_kontrol": "1",
    "naestseneste_kontrol_dato": "12-07-2018 00:00:00",
    "navn1": "Erteb\u00f8lle Strand Camping v/Ingrid og Lars Brandt",
    "navnelbnr": "22384",
    "pnr": "1011914124",
    "postnr": "9640",
    "region": null,
    "reklame_beskyttelse": "0",
    "seneste_kontrol": "1",
    "seneste_kontrol_dato": "30-06-2020 00:00:00",
    "tredjeseneste_kontrol": "1",
    "tredjeseneste_kontrol_dato": "27-06-2017 00:00:00",
    "virksomhedstype": "Detail"
  },
  "23365": {
    "By": "Aars",
    "Elite_Smiley": "1",
    "Geo_Lat": "56.84383",
    "Geo_Lng": "9.434347",
    "Kaedenavn": null,
    "Pixibranche": "Restauranter, pizzeriaer, kantiner m.m.",
    "URL": "http://www.findsmiley.dk/da-DK/Searching/DetailsView.htm?virk=23365",
    "adresse1": "Birkevej 6",
    "branche": "Serveringsvirksomhed - Restauranter m.v.",
    "brancheKode": "DD.56.10.99",
    "cvrnr": "33442696",
    "fjerdeseneste_kontrol": "1",
    "fjerdeseneste_kontrol_dato": "25-06-2013 00:00:00",
    "naestseneste_kontrol": "1",
    "naestseneste_kontrol_dato": "12-09-2017 00:00:00",
    "navn1": "Hornum Idr\u00e6tsforenings Klubhus ",
    "navnelbnr": "23365",
    "pnr": "1016703601",
    "postnr": "9600",
    "region": null,
    "reklame_beskyttelse": "0",
    "seneste_kontrol": "1",
    "seneste_kontrol_dato": "13-05-2019 00:00:00",
    "tredjeseneste_kontrol": "1",
    "tredjeseneste_kontrol_dato": "11-09-2015 00:00:00",
    "virksomhedstype": "Detail"
  },
  "24112": {
    "By": "L\u00f8gst\u00f8r",
    "Elite_Smiley": "1",
    "Geo_Lat": "56.839213",
    "Geo_Lng": "9.211589",
    "Kaedenavn": null,
    "Pixibranche": "Restauranter, pizzeriaer, kantiner m.m.",
    "URL": "http://www.findsmiley.dk/da-DK/Searching/DetailsView.htm?virk=24112",
    "adresse1": "Viborgvej 605",
    "branche": "Serveringsvirksomhed - Restauranter m.v.",
    "brancheKode": "DD.56.10.99",
    "cvrnr": "33172362",
    "fjerdeseneste_kontrol": "1",
    "fjerdeseneste_kontrol_dato": "19-06-2018 00:00:00",
    "naestseneste_kontrol": "1",
    "naestseneste_kontrol_dato": "19-11-2019 00:00:00",
    "navn1": "Trend kro  ",
    "navnelbnr": "24112",
    "pnr": "1016379065",
    "postnr": "9670",
    "region": null,
    "reklame_beskyttelse": "0",
    "seneste_kontrol": "1",
    "seneste_kontrol_dato": "01-07-2020 00:00:00",
    "tredjeseneste_kontrol": "1",
    "tredjeseneste_kontrol_dato": "05-07-2019 00:00:00",
    "virksomhedstype": "Detail"
  },
  "24589": {
    "By": "L\u00f8gst\u00f8r",
    "Elite_Smiley": "1",
    "Geo_Lat": "56.961262",
    "Geo_Lng": "9.243541",
    "Kaedenavn": null,
    "Pixibranche": "Restauranter, pizzeriaer, kantiner m.m.",
    "URL": "http://www.findsmiley.dk/da-DK/Searching/DetailsView.htm?virk=24589",
    "adresse1": "Frederik VII's Alle 14",
    "branche": "Serveringsvirksomhed - Restauranter m.v.",
    "brancheKode": "DD.56.10.99",
    "cvrnr": "14522115",
    "fjerdeseneste_kontrol": "1",
    "fjerdeseneste_kontrol_dato": "06-10-2015 00:00:00",
    "naestseneste_kontrol": "1",
    "naestseneste_kontrol_dato": "04-09-2019 00:00:00",
    "navn1": "L\u00f8gst\u00f8r Stadion, cafeteria ",
    "navnelbnr": "24589",
    "pnr": "1000757410",
    "postnr": "9670",
    "region": null,
    "reklame_beskyttelse": "0",
    "seneste_kontrol": "1",
    "seneste_kontrol_dato": "14-10-2020 00:00:00",
    "tredjeseneste_kontrol": "1",
    "tredjeseneste_kontrol_dato": "15-11-2017 00:00:00",
    "virksomhedstype": "Detail"
  },
  "24619": {
    "By": "Ranum",
    "Elite_Smiley": "0",
    "Geo_Lat": "56.868849",
    "Geo_Lng": "9.212757",
    "Kaedenavn": null,
    "Pixibranche": "Restauranter, pizzeriaer, kantiner m.m.",
    "URL": "http://www.findsmiley.dk/da-DK/Searching/DetailsView.htm?virk=24619",
    "adresse1": "Viborgvej 475",
    "branche": "Serveringsvirksomhed - Restauranter m.v.",
    "brancheKode": "DD.56.10.99",
    "cvrnr": "19683281",
    "fjerdeseneste_kontrol": "1",
    "fjerdeseneste_kontrol_dato": "06-11-2018 00:00:00",
    "naestseneste_kontrol": "1",
    "naestseneste_kontrol_dato": "28-11-2019 00:00:00",
    "navn1": "Tamu-center Vitsk\u00f8l ",
    "navnelbnr": "24619",
    "pnr": "1003420113",
    "postnr": "9681",
    "region": null,
    "reklame_beskyttelse": "0",
    "seneste_kontrol": "2",
    "seneste_kontrol_dato": "03-12-2020 00:00:00",
    "tredjeseneste_kontrol": "1",
    "tredjeseneste_kontrol_dato": "20-08-2019 00:00:00",
    "virksomhedstype": "Detail"
  },
  "24668": {
    "By": "Aars",
    "Elite_Smiley": "1",
    "Geo_Lat": "56.840805",
    "Geo_Lng": "9.425854",
    "Kaedenavn": null,
    "Pixibranche": "Restauranter, pizzeriaer, kantiner m.m.",
    "URL": "http://www.findsmiley.dk/da-DK/Searching/DetailsView.htm?virk=24668",
    "adresse1": "Torvet 1",
    "branche": "Serveringsvirksomhed - Restauranter m.v.",
    "brancheKode": "DD.56.10.99",
    "cvrnr": "18868237",
    "fjerdeseneste_kontrol": "1",
    "fjerdeseneste_kontrol_dato": "30-10-2015 00:00:00",
    "naestseneste_kontrol": "1",
    "naestseneste_kontrol_dato": "01-12-2016 00:00:00",
    "navn1": "HORNUM KRO V/TOVE KJ\u00c6R CHRISTOFFERSEN",
    "navnelbnr": "24668",
    "pnr": "1003588946",
    "postnr": "9600",
    "region": null,
    "reklame_beskyttelse": "0",
    "seneste_kontrol": "1",
    "seneste_kontrol_dato": "06-12-2018 00:00:00",
    "tredjeseneste_kontrol": "1",
    "tredjeseneste_kontrol_dato": "27-04-2016 00:00:00",
    "virksomhedstype": "Detail"
  },
  "24851": {
    "By": "Fars\u00f8",
    "Elite_Smiley": "1",
    "Geo_Lat": "56.771234",
    "Geo_Lng": "9.340559",
    "Kaedenavn": null,
    "Pixibranche": "Restauranter, pizzeriaer, kantiner m.m.",
    "URL": "http://www.findsmiley.dk/da-DK/Searching/DetailsView.htm?virk=24851",
    "adresse1": "S\u00f8ndergade 11",
    "branche": "Serveringsvirksomhed - Restauranter m.v.",
    "brancheKode": "DD.56.10.99",
    "cvrnr": "26107687",
    "fjerdeseneste_kontrol": "1",
    "fjerdeseneste_kontrol_dato": "11-08-2017 00:00:00",
    "naestseneste_kontrol": "1",
    "naestseneste_kontrol_dato": "08-11-2018 00:00:00",
    "navn1": "Fars\u00f8 Hotel og Selskabslokaler I/S ",
    "navnelbnr": "24851",
    "pnr": "1008520867",
    "postnr": "9640",
    "region": null,
    "reklame_beskyttelse": "0",
    "seneste_kontrol": "1",
    "seneste_kontrol_dato": "11-12-2019 00:00:00",
    "tredjeseneste_kontrol": "1",
    "tredjeseneste_kontrol_dato": "26-09-2018 00:00:00",
    "virksomhedstype": "Detail"
  },
  "25808": {
    "By": "Fars\u00f8",
    "Elite_Smiley": "1",
    "Geo_Lat": "56.769907",
    "Geo_Lng": "9.333234",
    "Kaedenavn": null,
    "Pixibranche": "Restauranter, pizzeriaer, kantiner m.m.",
    "URL": "http://www.findsmiley.dk/da-DK/Searching/DetailsView.htm?virk=25808",
    "adresse1": "Jeppe Aakj\u00e6rs Vej 27",
    "branche": "Serveringsvirksomhed - Restauranter m.v.",
    "brancheKode": "DD.56.10.99",
    "cvrnr": "14938680",
    "fjerdeseneste_kontrol": "1",
    "fjerdeseneste_kontrol_dato": "05-10-2015 00:00:00",
    "naestseneste_kontrol": "1",
    "naestseneste_kontrol_dato": "08-11-2018 00:00:00",
    "navn1": "Fars\u00f8 Hallens Cafeteria ",
    "navnelbnr": "25808",
    "pnr": "1002964170",
    "postnr": "9640",
    "region": null,
    "reklame_beskyttelse": "0",
    "seneste_kontrol": "1",
    "seneste_kontrol_dato": "06-03-2020 00:00:00",
    "tredjeseneste_kontrol": "1",
    "tredjeseneste_kontrol_dato": "06-12-2016 00:00:00",
    "virksomhedstype": "Detail"
  },
  "26060": {
    "By": "Fars\u00f8",
    "Elite_Smiley": "1",
    "Geo_Lat": "56.873293",
    "Geo_Lng": "9.395035",
    "Kaedenavn": null,
    "Pixibranche": "Restauranter, pizzeriaer, kantiner m.m.",
    "URL": "http://www.findsmiley.dk/da-DK/Searching/DetailsView.htm?virk=26060",
    "adresse1": "Lars Larsensvej 1, Gatten",
    "branche": "Serveringsvirksomhed - Restauranter m.v.",
    "brancheKode": "DD.56.10.99",
    "cvrnr": "10467489",
    "fjerdeseneste_kontrol": "1",
    "fjerdeseneste_kontrol_dato": "23-07-2018 00:00:00",
    "naestseneste_kontrol": "1",
    "naestseneste_kontrol_dato": "18-06-2019 00:00:00",
    "navn1": "Himmerland Golf og Spa Resort  Restauranten",
    "navnelbnr": "26060",
    "pnr": "1000080754",
    "postnr": "9640",
    "region": null,
    "reklame_beskyttelse": "0",
    "seneste_kontrol": "1",
    "seneste_kontrol_dato": "22-10-2020 00:00:00",
    "tredjeseneste_kontrol": "1",
    "tredjeseneste_kontrol_dato": "08-11-2018 00:00:00",
    "virksomhedstype": "Detail"
  },
  "503893": {
    "By": "Fars\u00f8",
    "Elite_Smiley": "1",
    "Geo_Lat": "56.772102",
    "Geo_Lng": "9.341794",
    "Kaedenavn": null,
    "Pixibranche": "Restauranter, pizzeriaer, kantiner m.m.",
    "URL": "http://www.findsmiley.dk/da-DK/Searching/DetailsView.htm?virk=503893",
    "adresse1": "Th. Eriksens Vej 20, R\u00e5dhuscentret",
    "branche": "Serveringsvirksomhed - Restauranter m.v.",
    "brancheKode": "DD.56.10.99",
    "cvrnr": "18461285",
    "fjerdeseneste_kontrol": "1",
    "fjerdeseneste_kontrol_dato": "24-06-2015 00:00:00",
    "naestseneste_kontrol": "1",
    "naestseneste_kontrol_dato": "02-02-2018 00:00:00",
    "navn1": "Centerkiosken P\u00f8lser og Issalg ",
    "navnelbnr": "503893",
    "pnr": "1003447890",
    "postnr": "9640",
    "region": null,
    "reklame_beskyttelse": "0",
    "seneste_kontrol": "1",
    "seneste_kontrol_dato": "06-01-2020 00:00:00",
    "tredjeseneste_kontrol": "1",
    "tredjeseneste_kontrol_dato": "26-04-2016 00:00:00",
    "virksomhedstype": "Detail"
  },
  "504692": {
    "By": "Ranum",
    "Elite_Smiley": "1",
    "Geo_Lat": "56.896362",
    "Geo_Lng": "9.235009",
    "Kaedenavn": null,
    "Pixibranche": "Restauranter, pizzeriaer, kantiner m.m.",
    "URL": "http://www.findsmiley.dk/da-DK/Searching/DetailsView.htm?virk=504692",
    "adresse1": "\u00d8sterled 4",
    "branche": "Serveringsvirksomhed - Restauranter m.v.",
    "brancheKode": "DD.56.10.99",
    "cvrnr": "29189471",
    "fjerdeseneste_kontrol": "1",
    "fjerdeseneste_kontrol_dato": "05-05-2015 00:00:00",
    "naestseneste_kontrol": "1",
    "naestseneste_kontrol_dato": "21-08-2017 00:00:00",
    "navn1": "Produktionsk\u00f8kken K\u00e6rbo ",
    "navnelbnr": "504692",
    "pnr": "1003380484",
    "postnr": "9681",
    "region": null,
    "reklame_beskyttelse": "0",
    "seneste_kontrol": "1",
    "seneste_kontrol_dato": "06-06-2019 00:00:00",
    "tredjeseneste_kontrol": "1",
    "tredjeseneste_kontrol_dato": "13-06-2016 00:00:00",
    "virksomhedstype": "Detail"
  },
  "517770": {
    "By": "Fars\u00f8",
    "Elite_Smiley": "1",
    "Geo_Lat": "56.873293",
    "Geo_Lng": "9.395035",
    "Kaedenavn": null,
    "Pixibranche": "Restauranter, pizzeriaer, kantiner m.m.",
    "URL": "http://www.findsmiley.dk/da-DK/Searching/DetailsView.htm?virk=517770",
    "adresse1": "Lars Larsensvej 1, Gatten",
    "branche": "Serveringsvirksomhed - Restauranter m.v.",
    "brancheKode": "DD.56.10.99",
    "cvrnr": "10467489",
    "fjerdeseneste_kontrol": "1",
    "fjerdeseneste_kontrol_dato": "10-10-2017 00:00:00",
    "naestseneste_kontrol": "1",
    "naestseneste_kontrol_dato": "18-06-2019 00:00:00",
    "navn1": "Himmerland Golf og Spa Resort A/S Bowling Cafe'",
    "navnelbnr": "517770",
    "pnr": "1000080754",
    "postnr": "9640",
    "region": null,
    "reklame_beskyttelse": "0",
    "seneste_kontrol": "1",
    "seneste_kontrol_dato": "11-06-2020 00:00:00",
    "tredjeseneste_kontrol": "1",
    "tredjeseneste_kontrol_dato": "23-07-2018 00:00:00",
    "virksomhedstype": "Detail"
  },
  "530711": {
    "By": "Roslev",
    "Elite_Smiley": "1",
    "Geo_Lat": "56.762845",
    "Geo_Lng": "9.10104",
    "Kaedenavn": null,
    "Pixibranche": "Restauranter, pizzeriaer, kantiner m.m.",
    "URL": "http://www.findsmiley.dk/da-DK/Searching/DetailsView.htm?virk=530711",
    "adresse1": "Jungetg\u00e5rdvej 3",
    "branche": "Serveringsvirksomhed - Restauranter m.v.",
    "brancheKode": "DD.56.10.99",
    "cvrnr": "12311702",
    "fjerdeseneste_kontrol": "1",
    "fjerdeseneste_kontrol_dato": "16-07-2015 00:00:00",
    "naestseneste_kontrol": "1",
    "naestseneste_kontrol_dato": "01-07-2019 00:00:00",
    "navn1": "Salling Camping ",
    "navnelbnr": "530711",
    "pnr": "1000367155",
    "postnr": "7870",
    "region": null,
    "reklame_beskyttelse": "0",
    "seneste_kontrol": "1",
    "seneste_kontrol_dato": "04-06-2020 00:00:00",
    "tredjeseneste_kontrol": "1",
    "tredjeseneste_kontrol_dato": "27-07-2017 00:00:00",
    "virksomhedstype": "Detail"
  },
  "539870": {
    "By": "Fars\u00f8",
    "Elite_Smiley": "1",
    "Geo_Lat": "56.860577",
    "Geo_Lng": "9.33809",
    "Kaedenavn": null,
    "Pixibranche": "Restauranter, pizzeriaer, kantiner m.m.",
    "URL": "http://www.findsmiley.dk/da-DK/Searching/DetailsView.htm?virk=539870",
    "adresse1": "Vester Hornumvej 93",
    "branche": "Serveringsvirksomhed - Restauranter m.v.",
    "brancheKode": "DD.56.10.99",
    "cvrnr": "34371202",
    "fjerdeseneste_kontrol": "1",
    "fjerdeseneste_kontrol_dato": "11-08-2017 00:00:00",
    "naestseneste_kontrol": "1",
    "naestseneste_kontrol_dato": "04-12-2018 00:00:00",
    "navn1": "Flejsborghus ",
    "navnelbnr": "539870",
    "pnr": "1017553603",
    "postnr": "9640",
    "region": null,
    "reklame_beskyttelse": "0",
    "seneste_kontrol": "1",
    "seneste_kontrol_dato": "28-10-2019 00:00:00",
    "tredjeseneste_kontrol": "1",
    "tredjeseneste_kontrol_dato": "26-09-2018 00:00:00",
    "virksomhedstype": "Detail"
  },
  "544405": {
    "By": "Aars",
    "Elite_Smiley": "1",
    "Geo_Lat": "56.800662",
    "Geo_Lng": "9.492304",
    "Kaedenavn": null,
    "Pixibranche": "Restauranter, pizzeriaer, kantiner m.m.",
    "URL": "http://www.findsmiley.dk/da-DK/Searching/DetailsView.htm?virk=544405",
    "adresse1": "Vestre Skovvej 3",
    "branche": "Serveringsvirksomhed - Restauranter m.v.",
    "brancheKode": "DD.56.10.99",
    "cvrnr": "31241316",
    "fjerdeseneste_kontrol": "1",
    "fjerdeseneste_kontrol_dato": "30-01-2017 00:00:00",
    "naestseneste_kontrol": "1",
    "naestseneste_kontrol_dato": "26-02-2019 00:00:00",
    "navn1": "DANPO A/S Kantine",
    "navnelbnr": "544405",
    "pnr": "1003031486",
    "postnr": "9600",
    "region": null,
    "reklame_beskyttelse": "0",
    "seneste_kontrol": "1",
    "seneste_kontrol_dato": "04-06-2020 00:00:00",
    "tredjeseneste_kontrol": "1",
    "tredjeseneste_kontrol_dato": "28-11-2017 00:00:00",
    "virksomhedstype": "Detail"
  },
  "558338": {
    "By": "Fars\u00f8",
    "Elite_Smiley": "1",
    "Geo_Lat": "56.836875",
    "Geo_Lng": "9.358381",
    "Kaedenavn": null,
    "Pixibranche": "Restauranter, pizzeriaer, kantiner m.m.",
    "URL": "http://www.findsmiley.dk/da-DK/Searching/DetailsView.htm?virk=558338",
    "adresse1": "Hovedgaden 79B",
    "branche": "Serveringsvirksomhed - Restauranter m.v.",
    "brancheKode": "DD.56.10.99",
    "cvrnr": "35945075",
    "fjerdeseneste_kontrol": "1",
    "fjerdeseneste_kontrol_dato": "12-10-2016 00:00:00",
    "naestseneste_kontrol": "1",
    "naestseneste_kontrol_dato": "25-10-2018 00:00:00",
    "navn1": "Vester Hornum Hallens Cafe ",
    "navnelbnr": "558338",
    "pnr": "1019584158",
    "postnr": "9640",
    "region": null,
    "reklame_beskyttelse": "0",
    "seneste_kontrol": "1",
    "seneste_kontrol_dato": "03-12-2020 00:00:00",
    "tredjeseneste_kontrol": "1",
    "tredjeseneste_kontrol_dato": "01-12-2016 00:00:00",
    "virksomhedstype": "Detail"
  },
  "568498": {
    "By": "Roslev",
    "Elite_Smiley": "1",
    "Geo_Lat": "56.763706",
    "Geo_Lng": "9.103349",
    "Kaedenavn": null,
    "Pixibranche": "Restauranter, pizzeriaer, kantiner m.m.",
    "URL": "http://www.findsmiley.dk/da-DK/Searching/DetailsView.htm?virk=568498",
    "adresse1": "Jungetg\u00e5rdvej 16",
    "branche": "Serveringsvirksomhed - Restauranter m.v.",
    "brancheKode": "DD.56.10.99",
    "cvrnr": "36371463",
    "fjerdeseneste_kontrol": "1",
    "fjerdeseneste_kontrol_dato": "13-09-2018 00:00:00",
    "naestseneste_kontrol": "1",
    "naestseneste_kontrol_dato": "06-11-2019 00:00:00",
    "navn1": "Charlotte`s k\u00f8dgryder ",
    "navnelbnr": "568498",
    "pnr": "1020551751",
    "postnr": "7870",
    "region": null,
    "reklame_beskyttelse": "0",
    "seneste_kontrol": "1",
    "seneste_kontrol_dato": "04-06-2020 00:00:00",
    "tredjeseneste_kontrol": "1",
    "tredjeseneste_kontrol_dato": "20-11-2018 00:00:00",
    "virksomhedstype": "Detail"
  },
  "631108": {
    "By": "Aars",
    "Elite_Smiley": "0",
    "Geo_Lat": "56.841262",
    "Geo_Lng": "9.425957",
    "Kaedenavn": null,
    "Pixibranche": "Restauranter, pizzeriaer, kantiner m.m.",
    "URL": "http://www.findsmiley.dk/da-DK/Searching/DetailsView.htm?virk=631108",
    "adresse1": "Torvet 2",
    "branche": "Serveringsvirksomhed - Restauranter m.v.",
    "brancheKode": "DD.56.10.99",
    "cvrnr": "37338869",
    "fjerdeseneste_kontrol": "1",
    "fjerdeseneste_kontrol_dato": "10-01-2017 00:00:00",
    "naestseneste_kontrol": "1",
    "naestseneste_kontrol_dato": "24-06-2019 00:00:00",
    "navn1": "Bella Italia ",
    "navnelbnr": "631108",
    "pnr": "1021021276",
    "postnr": "9600",
    "region": null,
    "reklame_beskyttelse": "0",
    "seneste_kontrol": "1",
    "seneste_kontrol_dato": "04-02-2021 00:00:00",
    "tredjeseneste_kontrol": "2",
    "tredjeseneste_kontrol_dato": "29-05-2019 00:00:00",
    "virksomhedstype": "Detail"
  },
  "645222": {
    "By": "Fars\u00f8",
    "Elite_Smiley": "0",
    "Geo_Lat": "56.873293",
    "Geo_Lng": "9.395052",
    "Kaedenavn": null,
    "Pixibranche": "Restauranter, pizzeriaer, kantiner m.m.",
    "URL": "http://www.findsmiley.dk/da-DK/Searching/DetailsView.htm?virk=645222",
    "adresse1": "Lars Larsensvej 1",
    "branche": "Serveringsvirksomhed - Restauranter m.v.",
    "brancheKode": "DD.56.10.99",
    "cvrnr": "10467489",
    "fjerdeseneste_kontrol": null,
    "fjerdeseneste_kontrol_dato": null,
    "naestseneste_kontrol": "1",
    "naestseneste_kontrol_dato": "10-10-2017 00:00:00",
    "navn1": "Himmerland Golf & Spa Resort K\u00f8bmanden",
    "navnelbnr": "645222",
    "pnr": "1000080754",
    "postnr": "9640",
    "region": null,
    "reklame_beskyttelse": "0",
    "seneste_kontrol": "1",
    "seneste_kontrol_dato": "18-06-2019 00:00:00",
    "tredjeseneste_kontrol": "1",
    "tredjeseneste_kontrol_dato": "20-04-2016 00:00:00",
    "virksomhedstype": "Detail"
  },
  "653952": {
    "By": "Fars\u00f8",
    "Elite_Smiley": "0",
    "Geo_Lat": "56.769996",
    "Geo_Lng": "9.340106",
    "Kaedenavn": null,
    "Pixibranche": "Restauranter, pizzeriaer, kantiner m.m.",
    "URL": "http://www.findsmiley.dk/da-DK/Searching/DetailsView.htm?virk=653952",
    "adresse1": "S\u00f8ndergade 26",
    "branche": "Serveringsvirksomhed - Restauranter m.v.",
    "brancheKode": "DD.56.10.99",
    "cvrnr": "37688096",
    "fjerdeseneste_kontrol": "1",
    "fjerdeseneste_kontrol_dato": "28-05-2018 00:00:00",
    "naestseneste_kontrol": "1",
    "naestseneste_kontrol_dato": "13-06-2019 00:00:00",
    "navn1": "Fars\u00f8 Pizza & Steak House ",
    "navnelbnr": "653952",
    "pnr": "1021424176",
    "postnr": "9640",
    "region": null,
    "reklame_beskyttelse": "0",
    "seneste_kontrol": "2",
    "seneste_kontrol_dato": "04-02-2021 00:00:00",
    "tredjeseneste_kontrol": "1",
    "tredjeseneste_kontrol_dato": "26-09-2018 00:00:00",
    "virksomhedstype": "Detail"
  },
  "659801": {
    "By": "L\u00f8gst\u00f8r",
    "Elite_Smiley": "1",
    "Geo_Lat": "56.956819",
    "Geo_Lng": "9.354615",
    "Kaedenavn": null,
    "Pixibranche": "Restauranter, pizzeriaer, kantiner m.m.",
    "URL": "http://www.findsmiley.dk/da-DK/Searching/DetailsView.htm?virk=659801",
    "adresse1": "Br\u00f8ndumvej 56",
    "branche": "Serveringsvirksomhed - Restauranter m.v.",
    "brancheKode": "DD.56.10.99",
    "cvrnr": "20096144",
    "fjerdeseneste_kontrol": "1",
    "fjerdeseneste_kontrol_dato": "27-09-2016 00:00:00",
    "naestseneste_kontrol": "1",
    "naestseneste_kontrol_dato": "28-08-2018 00:00:00",
    "navn1": "Cafe Toppen ",
    "navnelbnr": "659801",
    "pnr": "1004131372",
    "postnr": "9670",
    "region": null,
    "reklame_beskyttelse": "0",
    "seneste_kontrol": "1",
    "seneste_kontrol_dato": "05-11-2019 00:00:00",
    "tredjeseneste_kontrol": "1",
    "tredjeseneste_kontrol_dato": "18-10-2017 00:00:00",
    "virksomhedstype": "Detail"
  },
  "669159": {
    "By": "Fars\u00f8",
    "Elite_Smiley": "1",
    "Geo_Lat": "56.772102",
    "Geo_Lng": "9.34181",
    "Kaedenavn": null,
    "Pixibranche": "Restauranter, pizzeriaer, kantiner m.m.",
    "URL": "http://www.findsmiley.dk/da-DK/Searching/DetailsView.htm?virk=669159",
    "adresse1": "Th. Eriksens Vej 20",
    "branche": "Serveringsvirksomhed - Restauranter m.v.",
    "brancheKode": "DD.56.10.99",
    "cvrnr": "38190687",
    "fjerdeseneste_kontrol": "1",
    "fjerdeseneste_kontrol_dato": "06-12-2016 00:00:00",
    "naestseneste_kontrol": "1",
    "naestseneste_kontrol_dato": "02-02-2018 00:00:00",
    "navn1": "Den Gode Smag v/Ulla Magnussen ",
    "navnelbnr": "669159",
    "pnr": "1021940387",
    "postnr": "9640",
    "region": null,
    "reklame_beskyttelse": "0",
    "seneste_kontrol": "1",
    "seneste_kontrol_dato": "06-03-2020 00:00:00",
    "tredjeseneste_kontrol": "1",
    "tredjeseneste_kontrol_dato": "08-09-2017 00:00:00",
    "virksomhedstype": "Detail"
  },
  "701235": {
    "By": "Fars\u00f8",
    "Elite_Smiley": "0",
    "Geo_Lat": "56.798755",
    "Geo_Lng": "9.208398",
    "Kaedenavn": null,
    "Pixibranche": "Restauranter, pizzeriaer, kantiner m.m.",
    "URL": "http://www.findsmiley.dk/da-DK/Searching/DetailsView.htm?virk=701235",
    "adresse1": "L\u00f8gst\u00f8rvej 69",
    "branche": "Serveringsvirksomhed - Restauranter m.v.",
    "brancheKode": "DD.56.10.99",
    "cvrnr": "38366734",
    "fjerdeseneste_kontrol": null,
    "fjerdeseneste_kontrol_dato": null,
    "naestseneste_kontrol": "1",
    "naestseneste_kontrol_dato": "12-07-2018 00:00:00",
    "navn1": "Myrh\u00f8j Camping IVS ",
    "navnelbnr": "701235",
    "pnr": "1022132241",
    "postnr": "9640",
    "region": null,
    "reklame_beskyttelse": "0",
    "seneste_kontrol": "1",
    "seneste_kontrol_dato": "03-05-2019 00:00:00",
    "tredjeseneste_kontrol": "1",
    "tredjeseneste_kontrol_dato": "25-04-2017 00:00:00",
    "virksomhedstype": "Detail"
  },
  "707480": {
    "By": "L\u00f8gst\u00f8r",
    "Elite_Smiley": "0",
    "Geo_Lat": "56.962708",
    "Geo_Lng": "9.239193",
    "Kaedenavn": null,
    "Pixibranche": "Restauranter, pizzeriaer, kantiner m.m.",
    "URL": "http://www.findsmiley.dk/da-DK/Searching/DetailsView.htm?virk=707480",
    "adresse1": "Kanalvejen 17",
    "branche": "Serveringsvirksomhed - Restauranter m.v.",
    "brancheKode": "DD.56.10.99",
    "cvrnr": "33013922",
    "fjerdeseneste_kontrol": null,
    "fjerdeseneste_kontrol_dato": null,
    "naestseneste_kontrol": "1",
    "naestseneste_kontrol_dato": "09-07-2018 00:00:00",
    "navn1": "Kulgaarden v/Jan Pedersen ",
    "navnelbnr": "707480",
    "pnr": "1022434159",
    "postnr": "9670",
    "region": null,
    "reklame_beskyttelse": "0",
    "seneste_kontrol": "1",
    "seneste_kontrol_dato": "17-07-2019 00:00:00",
    "tredjeseneste_kontrol": "1",
    "tredjeseneste_kontrol_dato": "23-05-2017 00:00:00",
    "virksomhedstype": "Detail"
  },
  "707865": {
    "By": "L\u00f8gst\u00f8r",
    "Elite_Smiley": "1",
    "Geo_Lat": "56.953599",
    "Geo_Lng": "9.25255",
    "Kaedenavn": null,
    "Pixibranche": "Restauranter, pizzeriaer, kantiner m.m.",
    "URL": "http://www.findsmiley.dk/da-DK/Searching/DetailsView.htm?virk=707865",
    "adresse1": "Toftebjerg Alle 6",
    "branche": "Serveringsvirksomhed - Restauranter m.v.",
    "brancheKode": "DD.56.10.99",
    "cvrnr": "38542834",
    "fjerdeseneste_kontrol": "1",
    "fjerdeseneste_kontrol_dato": "03-10-2018 00:00:00",
    "naestseneste_kontrol": "1",
    "naestseneste_kontrol_dato": "25-06-2020 00:00:00",
    "navn1": "L\u00f8gst\u00f8r Parkhotel ",
    "navnelbnr": "707865",
    "pnr": "1022332089",
    "postnr": "9670",
    "region": null,
    "reklame_beskyttelse": "0",
    "seneste_kontrol": "1",
    "seneste_kontrol_dato": "27-10-2020 00:00:00",
    "tredjeseneste_kontrol": "1",
    "tredjeseneste_kontrol_dato": "29-10-2019 00:00:00",
    "virksomhedstype": "Detail"
  },
  "709903": {
    "By": "Ranum",
    "Elite_Smiley": "0",
    "Geo_Lat": "56.891322",
    "Geo_Lng": "9.090357",
    "Kaedenavn": null,
    "Pixibranche": "Restauranter, pizzeriaer, kantiner m.m.",
    "URL": "http://www.findsmiley.dk/da-DK/Searching/DetailsView.htm?virk=709903",
    "adresse1": "Skippervej 10",
    "branche": "Serveringsvirksomhed - Restauranter m.v.",
    "brancheKode": "DD.56.10.99",
    "cvrnr": "27720250",
    "fjerdeseneste_kontrol": "1",
    "fjerdeseneste_kontrol_dato": "20-06-2017 00:00:00",
    "naestseneste_kontrol": "1",
    "naestseneste_kontrol_dato": "01-10-2019 00:00:00",
    "navn1": "K\u00f8gemester & Oldfrue Liv\u00f8 feriecenter Stork\u00f8kken",
    "navnelbnr": "709903",
    "pnr": "1015072098",
    "postnr": "9681",
    "region": null,
    "reklame_beskyttelse": "0",
    "seneste_kontrol": "2",
    "seneste_kontrol_dato": "01-09-2020 00:00:00",
    "tredjeseneste_kontrol": "1",
    "tredjeseneste_kontrol_dato": "28-08-2018 00:00:00",
    "virksomhedstype": "Detail"
  },
  "716836": {
    "By": "Roslev",
    "Elite_Smiley": "1",
    "Geo_Lat": "56.777888",
    "Geo_Lng": "9.050483",
    "Kaedenavn": null,
    "Pixibranche": "Restauranter, pizzeriaer, kantiner m.m.",
    "URL": "http://www.findsmiley.dk/da-DK/Searching/DetailsView.htm?virk=716836",
    "adresse1": "Jungetvej 3",
    "branche": "Serveringsvirksomhed - Restauranter m.v.",
    "brancheKode": "DD.56.10.99",
    "cvrnr": "63733911",
    "fjerdeseneste_kontrol": "1",
    "fjerdeseneste_kontrol_dato": "26-11-2015 00:00:00",
    "naestseneste_kontrol": "1",
    "naestseneste_kontrol_dato": "03-11-2017 00:00:00",
    "navn1": "Fursund Hallens Cafeteria ",
    "navnelbnr": "716836",
    "pnr": "1002176065",
    "postnr": "7870",
    "region": null,
    "reklame_beskyttelse": "0",
    "seneste_kontrol": "1",
    "seneste_kontrol_dato": "24-09-2019 00:00:00",
    "tredjeseneste_kontrol": "1",
    "tredjeseneste_kontrol_dato": "01-11-2016 00:00:00",
    "virksomhedstype": "Detail"
  },
  "737809": {
    "By": "Ranum",
    "Elite_Smiley": "1",
    "Geo_Lat": "56.912329",
    "Geo_Lng": "9.179157",
    "Kaedenavn": null,
    "Pixibranche": "Restauranter, pizzeriaer, kantiner m.m.",
    "URL": "http://www.findsmiley.dk/da-DK/Searching/DetailsView.htm?virk=737809",
    "adresse1": "N\u00e6sbydalevej 15",
    "branche": "Serveringsvirksomhed - Restauranter m.v.",
    "brancheKode": "DD.56.10.99",
    "cvrnr": "39188120",
    "fjerdeseneste_kontrol": "1",
    "fjerdeseneste_kontrol_dato": "27-05-2016 00:00:00",
    "naestseneste_kontrol": "1",
    "naestseneste_kontrol_dato": "14-08-2018 00:00:00",
    "navn1": "N\u00e6sbydale Badehotel ",
    "navnelbnr": "737809",
    "pnr": "1023170821",
    "postnr": "9681",
    "region": null,
    "reklame_beskyttelse": "0",
    "seneste_kontrol": "1",
    "seneste_kontrol_dato": "04-09-2019 00:00:00",
    "tredjeseneste_kontrol": "1",
    "tredjeseneste_kontrol_dato": "04-07-2017 00:00:00",
    "virksomhedstype": "Detail"
  },
  "754760": {
    "By": "Fars\u00f8",
    "Elite_Smiley": "0",
    "Geo_Lat": "56.772208",
    "Geo_Lng": "9.339504",
    "Kaedenavn": null,
    "Pixibranche": "Restauranter, pizzeriaer, kantiner m.m.",
    "URL": "http://www.findsmiley.dk/da-DK/Searching/DetailsView.htm?virk=754760",
    "adresse1": "Storetorv 7",
    "branche": "Serveringsvirksomhed - Restauranter m.v.",
    "brancheKode": "DD.56.10.99",
    "cvrnr": "32191940",
    "fjerdeseneste_kontrol": "2",
    "fjerdeseneste_kontrol_dato": "24-06-2020 00:00:00",
    "naestseneste_kontrol": "2",
    "naestseneste_kontrol_dato": "14-12-2020 00:00:00",
    "navn1": "Sason Steak & Pizza House ",
    "navnelbnr": "754760",
    "pnr": "1023470973",
    "postnr": "9640",
    "region": null,
    "reklame_beskyttelse": "0",
    "seneste_kontrol": "1",
    "seneste_kontrol_dato": "04-02-2021 00:00:00",
    "tredjeseneste_kontrol": "1",
    "tredjeseneste_kontrol_dato": "03-09-2020 00:00:00",
    "virksomhedstype": "Detail"
  },
  "757903": {
    "By": "L\u00f8gst\u00f8r",
    "Elite_Smiley": "0",
    "Geo_Lat": "56.962069",
    "Geo_Lng": "9.266372",
    "Kaedenavn": null,
    "Pixibranche": "Restauranter, pizzeriaer, kantiner m.m.",
    "URL": "http://www.findsmiley.dk/da-DK/Searching/DetailsView.htm?virk=757903",
    "adresse1": "Danmarksvej 11",
    "branche": "Serveringsvirksomhed - Restauranter m.v.",
    "brancheKode": "DD.56.10.99",
    "cvrnr": "39695987",
    "fjerdeseneste_kontrol": null,
    "fjerdeseneste_kontrol_dato": null,
    "naestseneste_kontrol": "1",
    "naestseneste_kontrol_dato": "23-08-2019 00:00:00",
    "navn1": "FoodByRD ",
    "navnelbnr": "757903",
    "pnr": "1024167484",
    "postnr": "9670",
    "region": null,
    "reklame_beskyttelse": "0",
    "seneste_kontrol": "1",
    "seneste_kontrol_dato": "27-10-2020 00:00:00",
    "tredjeseneste_kontrol": "1",
    "tredjeseneste_kontrol_dato": "28-08-2018 00:00:00",
    "virksomhedstype": "Detail"
  },
  "793885": {
    "By": "Aars",
    "Elite_Smiley": "1",
    "Geo_Lat": "56.800437",
    "Geo_Lng": "9.418568",
    "Kaedenavn": null,
    "Pixibranche": "Restauranter, pizzeriaer, kantiner m.m.",
    "URL": "http://www.findsmiley.dk/da-DK/Searching/DetailsView.htm?virk=793885",
    "adresse1": "L\u00f8gst\u00f8rvej 161A, st",
    "branche": "Serveringsvirksomhed - Restauranter m.v.",
    "brancheKode": "DD.56.10.99",
    "cvrnr": "28383851",
    "fjerdeseneste_kontrol": "1",
    "fjerdeseneste_kontrol_dato": "07-03-2018 00:00:00",
    "naestseneste_kontrol": "1",
    "naestseneste_kontrol_dato": "11-03-2019 00:00:00",
    "navn1": "PIZZASTOP HAUBRO ",
    "navnelbnr": "793885",
    "pnr": "1018234609",
    "postnr": "9600",
    "region": null,
    "reklame_beskyttelse": "0",
    "seneste_kontrol": "1",
    "seneste_kontrol_dato": "25-05-2020 00:00:00",
    "tredjeseneste_kontrol": "1",
    "tredjeseneste_kontrol_dato": "06-08-2018 00:00:00",
    "virksomhedstype": "Detail"
  },
  "805308": {
    "By": "Ranum",
    "Elite_Smiley": "0",
    "Geo_Lat": "56.868858",
    "Geo_Lng": "9.212757",
    "Kaedenavn": null,
    "Pixibranche": "Restauranter, pizzeriaer, kantiner m.m.",
    "URL": "http://www.findsmiley.dk/da-DK/Searching/DetailsView.htm?virk=805308",
    "adresse1": "Viborgvej 475",
    "branche": "Serveringsvirksomhed - Restauranter m.v.",
    "brancheKode": "DD.56.10.99",
    "cvrnr": "19683281",
    "fjerdeseneste_kontrol": null,
    "fjerdeseneste_kontrol_dato": null,
    "naestseneste_kontrol": null,
    "naestseneste_kontrol_dato": null,
    "navn1": "TAMU VITSK\u00d8L - Cafe Skovhuset ",
    "navnelbnr": "805308",
    "pnr": "1003420113",
    "postnr": "9681",
    "region": null,
    "reklame_beskyttelse": "0",
    "seneste_kontrol": "1",
    "seneste_kontrol_dato": "20-08-2019 00:00:00",
    "tredjeseneste_kontrol": null,
    "tredjeseneste_kontrol_dato": null,
    "virksomhedstype": "Detail"
  },
  "912822": {
    "By": "Aars",
    "Elite_Smiley": "0",
    "Geo_Lat": "56.843747",
    "Geo_Lng": "9.432346",
    "Kaedenavn": null,
    "Pixibranche": "Restauranter, pizzeriaer, kantiner m.m.",
    "URL": "http://www.findsmiley.dk/da-DK/Searching/DetailsView.htm?virk=912822",
    "adresse1": "Aalborgvej 40",
    "branche": "Serveringsvirksomhed - Restauranter m.v.",
    "brancheKode": "DD.56.10.99",
    "cvrnr": "38682628",
    "fjerdeseneste_kontrol": "1",
    "fjerdeseneste_kontrol_dato": "14-05-2020 00:00:00",
    "naestseneste_kontrol": "1",
    "naestseneste_kontrol_dato": "30-09-2020 00:00:00",
    "navn1": "Jazzys cafe & shop ",
    "navnelbnr": "912822",
    "pnr": "1022490679",
    "postnr": "9600",
    "region": null,
    "reklame_beskyttelse": "0",
    "seneste_kontrol": "1",
    "seneste_kontrol_dato": "07-01-2021 00:00:00",
    "tredjeseneste_kontrol": "2",
    "tredjeseneste_kontrol_dato": "03-09-2020 00:00:00",
    "virksomhedstype": "Detail"
  },
  "913112": {
    "By": "Fars\u00f8",
    "Elite_Smiley": "0",
    "Geo_Lat": "56.77111",
    "Geo_Lng": "9.340214",
    "Kaedenavn": null,
    "Pixibranche": "Restauranter, pizzeriaer, kantiner m.m.",
    "URL": "http://www.findsmiley.dk/da-DK/Searching/DetailsView.htm?virk=913112",
    "adresse1": "S\u00f8ndergade 14A",
    "branche": "Serveringsvirksomhed - Restauranter m.v.",
    "brancheKode": "DD.56.10.99",
    "cvrnr": "40576347",
    "fjerdeseneste_kontrol": null,
    "fjerdeseneste_kontrol_dato": null,
    "naestseneste_kontrol": null,
    "naestseneste_kontrol_dato": null,
    "navn1": "Caf\u00e9 14 v/Zin Bo sameright ",
    "navnelbnr": "913112",
    "pnr": "1024777215",
    "postnr": "9640",
    "region": null,
    "reklame_beskyttelse": "0",
    "seneste_kontrol": "1",
    "seneste_kontrol_dato": "17-09-2019 00:00:00",
    "tredjeseneste_kontrol": null,
    "tredjeseneste_kontrol_dato": null,
    "virksomhedstype": "Detail"
  },
  "920458": {
    "By": "Aars",
    "Elite_Smiley": "1",
    "Geo_Lat": "56.861724",
    "Geo_Lng": "9.43234",
    "Kaedenavn": null,
    "Pixibranche": "Restauranter, pizzeriaer, kantiner m.m.",
    "URL": "http://www.findsmiley.dk/da-DK/Searching/DetailsView.htm?virk=920458",
    "adresse1": "Bj\u00f8rnstrupvej 45",
    "branche": "Serveringsvirksomhed - Restauranter m.v.",
    "brancheKode": "DD.56.10.99",
    "cvrnr": "15142804",
    "fjerdeseneste_kontrol": "1",
    "fjerdeseneste_kontrol_dato": "12-08-2015 00:00:00",
    "naestseneste_kontrol": "1",
    "naestseneste_kontrol_dato": "30-07-2019 00:00:00",
    "navn1": "Himmerland Camping, Kiosk/Grillbar ",
    "navnelbnr": "920458",
    "pnr": "1025187047",
    "postnr": "9600",
    "region": null,
    "reklame_beskyttelse": "0",
    "seneste_kontrol": "1",
    "seneste_kontrol_dato": "26-05-2020 00:00:00",
    "tredjeseneste_kontrol": "1",
    "tredjeseneste_kontrol_dato": "05-07-2017 00:00:00",
    "virksomhedstype": "Detail"
  },
  "933730": {
    "By": "Fars\u00f8",
    "Elite_Smiley": "0",
    "Geo_Lat": "56.767239",
    "Geo_Lng": "9.339819",
    "Kaedenavn": null,
    "Pixibranche": "Restauranter, pizzeriaer, kantiner m.m.",
    "URL": "http://www.findsmiley.dk/da-DK/Searching/DetailsView.htm?virk=933730",
    "adresse1": "S\u00f8ndergade 58",
    "branche": "Serveringsvirksomhed - Restauranter m.v.",
    "brancheKode": "DD.56.10.99",
    "cvrnr": "40643990",
    "fjerdeseneste_kontrol": null,
    "fjerdeseneste_kontrol_dato": null,
    "naestseneste_kontrol": null,
    "naestseneste_kontrol_dato": null,
    "navn1": "Event & Gastronomi ",
    "navnelbnr": "933730",
    "pnr": "1025681556",
    "postnr": "9640",
    "region": null,
    "reklame_beskyttelse": "0",
    "seneste_kontrol": "1",
    "seneste_kontrol_dato": "09-03-2020 00:00:00",
    "tredjeseneste_kontrol": null,
    "tredjeseneste_kontrol_dato": null,
    "virksomhedstype": "Detail"
  },
  "944184": {
    "By": "L\u00f8gst\u00f8r",
    "Elite_Smiley": "1",
    "Geo_Lat": "56.839922",
    "Geo_Lng": "9.212216",
    "Kaedenavn": null,
    "Pixibranche": "Restauranter, pizzeriaer, kantiner m.m.",
    "URL": "http://www.findsmiley.dk/da-DK/Searching/DetailsView.htm?virk=944184",
    "adresse1": "Trendvej 6",
    "branche": "Serveringsvirksomhed - Restauranter m.v.",
    "brancheKode": "DD.56.10.99",
    "cvrnr": "40970827",
    "fjerdeseneste_kontrol": "1",
    "fjerdeseneste_kontrol_dato": "19-06-2015 00:00:00",
    "naestseneste_kontrol": "1",
    "naestseneste_kontrol_dato": "27-05-2019 00:00:00",
    "navn1": "Troldebakken Caf\u00e9 ",
    "navnelbnr": "944184",
    "pnr": "1025285162",
    "postnr": "9670",
    "region": null,
    "reklame_beskyttelse": "0",
    "seneste_kontrol": "1",
    "seneste_kontrol_dato": "27-05-2020 00:00:00",
    "tredjeseneste_kontrol": "1",
    "tredjeseneste_kontrol_dato": "13-07-2017 00:00:00",
    "virksomhedstype": "Detail"
  }
}